7-oxo-dehydroepiandrosteron	milligram
aardbei/wijnstok kauwtablet	stuk
abacavir	milligram
abatacept	milligram
abciximab	milligram
abemaciclib	milligram
abirateron	milligram
abrocitinib	milligram
acalabrutinib	milligram
acamprosaat	milligram
acarbose	milligram
acebutolol	milligram
aceclofenac	milligram
acenocoumarol	milligram
acetazolamide	milligram
acetylcysteine	milligram
acetylsalicylzuur	milligram
acetylsalicylzuur/ascorbinezuur bruistablet	stuk
acetylsalicylzuur/clopidogrel tablet	stuk
acetylsalicylzuur/metoclopramide poeder voor oraal gebruik	stuk
acetylsalicylzuur/paracetamol/coffeine tablet	stuk
aciclovir	milligram
acipimox	milligram
acitretine	milligram
aclidinium	microgram
acrivastine	milligram
adalimumab	milligram
adapaleen	milligram
adefovir	milligram
adenosine	milligram
adrenaline	milligram
adrenaline/articaine injectievloeistof	milliliter
adrenaline/bupivacaine injectievloeistof	milliliter
adrenaline/lidocaine injectievloeistof	milliliter
adrenaline/ropivacaine injectievloeistof	milliliter
afamelanotide	milligram
afatinib	milligram
aflibercept	milligram
agalsidase alfa	milligram
agalsidase beta	milligram
agomelatine	milligram
alanylglutamine	milligram
albendazol	milligram
albumine	milligram
albutrepenonacog alfa	internationale eenheid
aldesleukine	miljoen ie
alectinib	milligram
alemtuzumab	milligram
alendroninezuur	milligram
alfa-1-proteinaseremmer	milligram
alfacalcidol	microgram
alfentanil	milligram
alfuzosine	milligram
alglucosidase alfa	milligram
alimemazine	milligram
alirocumab	milligram
aliskiren	milligram
alitretinoine	milligram
allopurinol	milligram
almotriptan	milligram
alpelisib	milligram
alprazolam	milligram
alprostadil	milligram
alteplase	milligram
althaea/tijm pastille	stuk
aluminiumacetotartraat	milligram
aluminiumchloride	milligram
aluminiumhydroxidemagnesiumcarbonaat	milligram
aluminiumhydroxychloride	milligram
aluminiumkaliumsulfaat	milligram
amantadine	milligram
ambrisentan	milligram
ambroxol	milligram
amfotericine b	milligram
amidotrizoinezuur	milligram
amifampridine	milligram
amikacine	milligram
amiloride	milligram
aminolevulinezuur	milligram
amiodaron	milligram
amisulpride	milligram
amitriptyline	milligram
amlodipine	milligram
amlodipine/olmesartan tablet	stuk
amlodipine/perindopril tablet	stuk
amlodipine/valsartan tablet	stuk
ammoniumchloride	milligram
ammoniumchloride/ammoniak/anijs/zoethout drank	milliliter
amoxicilline	milligram
amoxicilline/clavulaanzuur poeder voor injectievloeistof	stuk
amoxicilline/clavulaanzuur poeder voor oplossing voor infusie	stuk
amoxicilline/clavulaanzuur suspensie voor oraal gebruik	milliliter
amoxicilline/clavulaanzuur tablet	stuk
amsacrine	milligram
amylase/lipase/protease capsule	stuk
amylase/lipase/protease maagsapresistent granulaat	stuk
amylase/lipase/protease maagsapresistente capsule	stuk
amylase/lipase/protease poeder voor klysma	stuk
amylmetacresol/dichloorbenzylalcohol zuigtablet	stuk
amylmetacresol/dichloorbenzylalcohol/lidocaine zuigtablet	stuk
anagrelide	milligram
anakinra	milligram
anastrozol	milligram
andexanet alfa	milligram
angiotensine ii	milligram
anidulafungine	milligram
anifrolumab	milligram
antitrombine iii	internationale eenheid
apalutamide	milligram
apixaban	milligram
apomorfine	milligram
apraclonidine	milligram
apremilast	milligram
aprepitant	milligram
aprotinine	kallidinogenase inactiverende eenheid
argatroban	milligram
arginine	milligram
arginine/lysine infusievloeistof	milliliter
argipressine	internationale eenheid
aripiprazol	milligram
arnica	milligram
arseentrioxide	milligram
artemether/lumefantrine tablet	stuk
artenimol/piperaquine tablet	stuk
artesunaat	milligram
articaine	milligram
ascorbinezuur	milligram
ascorbinezuur/cyanocobalamine/foliumzuur/biotine/nicotinamide/pyridoxine/thiamine/pantotheenzuur/riboflavine poeder voor oplossing voor infusie	stuk
ascorbinezuur/cyanocobalamine/foliumzuur/dexpanthenol/retinol/biotine/nicotinamide/pyridoxine/colecalciferol/tocoferol, dl-alfa-/riboflavine/cocarboxylase poeder voor injectievloeistof	stuk
ascorbinezuur/dexpanthenol concentraat voor oplossing voor infusie	milliliter
ascorbinezuur/kaliumchloride/natriumchloride/macrogol poeder voor drank	stuk
ascorbinezuur/kaliumchloride/natriumchloride/natriumsulfaat/macrogol poeder voor drank	stuk
asfotase alfa	milligram
asparaginase	internationale eenheid
ataluren	milligram
atazanavir	milligram
atenolol	milligram
atenolol/chloortalidon tablet	stuk
atezolizumab	milligram
atomoxetine	milligram
atorvastatine	milligram
atosiban	milligram
atovaquon	milligram
atracurium	milligram
atropine	milligram
atropine/midazolam klysma	milliliter
aurothiobarnsteenzuur	milligram
autologe limbale corneale (stam)cellen	cellen
avacopan	milligram
avanafil	milligram
avapritinib	milligram
avatrombopag	milligram
avelumab	milligram
axitinib	milligram
azacitidine	milligram
azathioprine	milligram
azelainezuur	milligram
azelastine	milligram
azijnzuur	milligram
azijnzuur/calciumchloride/natriumchloride/glycine/zinkchloride/zoutzuur/glycerofosforzuur/alanine/fenylalanine/isoleucine/kaliumhydroxide/leucine/lysine/magnesiumchloride/methionine/proline/serine/taurine/threonine/tryptofaan/tyrosine/valine/glucose/arginine/histidine infusievloeistof	milliliter
azijnzuur/glycine/alanine/fenylalanine/isoleucine/leucine/methionine/proline/serine/taurine/threonine/tryptofaan/tyrosine/valine/glucose/arginine/histidine/lysine infusievloeistof	milliliter
azijnzuur/hydrocortison oordruppels	gram
azijnzuur/triamcinolonacetonide oordruppels	gram
azitromycine	milligram
aztreonam	milligram
baclofen	milligram
baloxavir	milligram
baricitinib	milligram
bariumsulfaat	gram
bariumsulfaat/methylmethacrylaatstyreencopolymeer/methacrylzuurcopolymeren poeder voor cement	stuk
barnidipine	milligram
basiliximab	milligram
bastaardsmeerwortel	milligram
bazedoxifeen	milligram
bcg-vaccin	milligram
beclometason	milligram
beclometason/formoterol aerosol	dosis
beclometason/formoterol inhalatiepoeder	dosis
beclometason/glycopyrronium/formoterol aerosol	dosis
beclometason/glycopyrronium/formoterol inhalatiepoeder	dosis
beclometason/mesalazine klysma	gram
beclometason/mesalazine zetpil	stuk
beclometason/mesalazine/opium klysma	gram
bedaquiline	milligram
belatacept	milligram
belimumab	milligram
bempedoinezuur	milligram
benazepril	milligram
bendamustine	milligram
benperidol	milligram
benralizumab	milligram
benzalkonium	milligram
benzbromaron	milligram
benzoezuur	milligram
benzoezuur/salicylzuur creme	gram
benzoezuur/salicylzuur zalf	gram
benzoylperoxide	milligram
benzoylperoxide/adapaleen gel	gram
benzoylperoxide/clindamycine gel	gram
benzoylperoxide/miconazol creme	gram
benzoylperoxide/zirkoniumdioxide/methylmethacrylaatmethylacrylaatcopolymeer poeder voor cement	stuk
benzoylperoxide/zirkoniumdioxide/methylmethacrylaatmethylacrylaatcopolymeer/methylmethacrylaat/dimethylparatoluidine poeder voor cement	stuk
benzydamine	milligram
benzylbenzoaat	milligram
benzylpenicilline	internationale eenheid
berendruif	milligram
betahistine	milligram
betaine	milligram
betamethason	milligram
betamethason/calcipotriol creme	gram
betamethason/calcipotriol gel	gram
betamethason/calcipotriol schuim voor cutaan gebruik	gram
betamethason/calcipotriol zalf	gram
betamethason/fusidinezuur creme	gram
betamethason/fusidinezuur zalf	gram
betamethason/hydrochinon creme	gram
betamethason/salicylzuur creme	gram
betamethason/salicylzuur zalf	gram
betaxolol	milligram
bevacizumab	milligram
bexaroteen	milligram
bezafibraat	milligram
bezlotoxumab	milligram
bicalutamide	milligram
bimatoprost	milligram
bimekizumab	milligram
binimetinib	milligram
biotine	milligram
biperideen	milligram
bisacodyl	milligram
bismutoxide	milligram
bismutsubgallaat	milligram
bismutsubnitraat	milligram
bisoprolol	milligram
bisoprolol/perindopril tablet	stuk
bivalirudine	milligram
bleomycine	usp eenheid,incl anson,armour,usnf,wallace,wampole
blinatumomab	microgram
boorzuur	milligram
bortezomib	milligram
bosentan	milligram
bosutinib	milligram
botuline a toxine	eenheid
brentuximab vedotine	milligram
brexpiprazol	milligram
brigatinib	milligram
brimonidine	milligram
brimonidine/brinzolamide oogdruppels, suspensie	milliliter
brinzolamide	milligram
brivaracetam	milligram
brodalumab	milligram
brolucizumab	milligram
bromazepam	milligram
bromocriptine	milligram
broomfenac	milligram
broomhexine	milligram
broomperidol	milligram
brotizolam	milligram
budesonide	milligram
budesonide/formoterol aerosol	dosis
budesonide/formoterol inhalatiepoeder	dosis
budesonide/salmeterol inhalatiepoeder	stuk
buiktyfusvaccin	microgram
bumetanide	milligram
bupivacaine	milligram
bupivacaine/glucose injectievloeistof	milliliter
buprenorfine	milligram
buprenorfine/naloxon tablet voor sublinguaal gebruik	stuk
bupropion	milligram
burosumab	milligram
busereline	microgram
buspiron	milligram
busulfan	milligram
butoconazol	milligram
c1-esteraseremmer	internationale eenheid
cabazitaxel	milligram
cabergoline	milligram
cabotegravir	milligram
cabozantinib	milligram
calamine/zinkoxide suspensie voor cutaan gebruik	milliliter
calcifediol	milligram
calcipotriol	microgram
calcitonine	internationale eenheid
calcitriol	microgram
calciumacetaat	milligram
calciumcarbonaat	gram
calciumcarbonaat/alginezuur/magnesiumsubcarbonaat kauwtablet	stuk
calciumcarbonaat/colecalciferol bruisgranulaat	stuk
calciumcarbonaat/colecalciferol kauwtablet	stuk
calciumcarbonaat/colecalciferol tablet	stuk
calciumcarbonaat/dimeticon/magnesiumsubcarbonaat kauwtablet	stuk
calciumcarbonaat/magnesiumsubcarbonaat kauwtablet	stuk
calciumcarbonaat/natriumwaterstofcarbonaat/alginezuur kauwtablet	stuk
calciumcarbonaat/natriumwaterstofcarbonaat/alginezuur suspensie voor oraal gebruik	milliliter
calciumchloride	milligram
calciumchloride/glutaminezuur/glycine/alanine/aspartinezuur/fenylalanine/histidine/isoleucine/leucine/lysine/methionine/natriumacetaat/proline/serine/threonine/tryptofaan/valine/glucose/magnesiumacetaat/arginine/kaliumdiwaterstoffosfaat infusievloeistof	milliliter
calciumchloride/glutaminezuur/kaliumchloride/glycine/glycerofosforzuur/alanine/aspartinezuur/fenylalanine/isoleucine/leucine/magnesiumchloride/methionine/natriumacetaat/proline/serine/threonine/tryptofaan/tyrosine/valine/sojaolie, gezuiverd/arginine/histidine/lysine/glucose/olijfolie, gezuiverd emulsie voor infusie	milliliter
calciumchloride/kaliumchloride/natriumchloride infusievloeistof	milliliter
calciumchloride/kaliumchloride/natriumchloride spoeling	milliliter
calciumchloride/kaliumchloride/natriumchloride/magnesiumchloride/natriumacetaat/appelzuur, l- infusievloeistof	milliliter
calciumchloride/kaliumchloride/natriumchloride/magnesiumchloride/natriumacetaat/glucose infusievloeistof	milliliter
calciumchloride/kaliumchloride/natriumchloride/natriumlactaat infusievloeistof	milliliter
calciumchloride/kaliumchloride/natriumchloride/natriumlactaat spoeling	milliliter
calciumchloride/kaliumchloride/natriumchloride/natriumlactaat/magnesiumchloride/glucose oplossing voor hemodialyse	milliliter
calciumchloride/kaliumchloride/natriumchloride/natriumlactaat/magnesiumchloride/glucose oplossing voor hemofiltratie	milliliter
calciumchloride/kaliumchloride/natriumchloride/natriumwaterstofcarbonaat/magnesiumchloride/glucose oplossing voor hemofiltratie	milliliter
calciumchloride/kaliumchloride/natriumchloride/natriumwaterstofcarbonaat/magnesiumchloride/glucose oplossing voor hemofiltratie/hemodialyse	milliliter
calciumchloride/kaliumchloride/natriumchloride/natriumwaterstofcarbonaat/melkzuur/magnesiumchloride/glucose oplossing voor hemofiltratie	milliliter
calciumchloride/kaliumchloride/natriumchloride/natriumwaterstofcarbonaat/melkzuur/magnesiumchloride/glucose oplossing voor hemofiltratie/hemodialyse	milliliter
calciumchloride/magnesiumchloride concentraat voor oplossing voor infusie	milliliter
calciumchloride/magnesiumchloride infusievloeistof	milliliter
calciumchloride/mannitol/kaliumchloride/natriumchloride/histidine/magnesiumchloride/tryptofaan/oxoglutaarzuur, 2- infusievloeistof	milliliter
calciumchloride/natriumchloride/glycine/alanine/fenylalanine/isoleucine/dikaliumwaterstoffosfaat/leucine/lysine/magnesiumchloride/methionine/natriumacetaat/proline/serine/threonine/tryptofaan/tyrosine/valine/glucose/arginine/histidine infusievloeistof	milliliter
calciumchloride/natriumchloride/glycine/natriumlactaat/alanine/fenylalanine/isoleucine/leucine/lysine/magnesiumchloride/methionine/proline/serine/threonine/tryptofaan/tyrosine/valine/arginine/histidine oplossing voor peritoneale dialyse	milliliter
calciumchloride/natriumchloride/natriumlactaat/magnesiumchloride/glucose oplossing voor peritoneale dialyse	milliliter
calciumchloride/natriumchloride/natriumlactaat/magnesiumchloride/icodextrine oplossing voor peritoneale dialyse	milliliter
calciumchloride/natriumchloride/natriumwaterstofcarbonaat/magnesiumchloride/glucose oplossing voor hemofiltratie/hemodialyse	milliliter
calciumchloride/natriumchloride/natriumwaterstofcarbonaat/magnesiumchloride/glucose oplossing voor peritoneale dialyse	milliliter
calciumchloride/natriumchloride/natriumwaterstofcarbonaat/melkzuur/magnesiumchloride oplossing voor hemofiltratie/hemodialyse	milliliter
calciumchloride/natriumchloride/natriumwaterstofcarbonaat/natriumlactaat/magnesiumchloride/glucose oplossing voor peritoneale dialyse	milliliter
calciumcitraat	milligram
calciumfosfaat/colecalciferol poeder voor orale suspensie	stuk
calciumgluconaat	milligram
calciumgluconaat/calciumsaccharaat injectievloeistof	milliliter
calciumgluconaat/glucose concentraat voor oplossing voor infusie	milliliter
calciumgluconaat/glucose infusievloeistof	milliliter
calciumgluconaat/kaliumchloride/magnesiumchloride/glucose infusievloeistof	milliliter
calciumgluconaat/kaliumchloride/natriumchloride/magnesiumchloride/glucose infusievloeistof	milliliter
camellia sinensis	milligram
canagliflozine	milligram
canakinumab	milligram
candesartan	milligram
cangrelor	milligram
cannabidiol	milligram
cannabis	milligram
capecitabine	milligram
caplacizumab	milligram
capmatinib	milligram
capsaicine	milligram
captopril	milligram
carbacholinium	milligram
carbamazepine	milligram
carbasalaatcalcium	milligram
carbetocine	microgram
carbimazol	milligram
carbocisteine	milligram
carbomeer	milligram
carboplatine	milligram
carfilzomib	milligram
cargluminezuur	milligram
cariprazine	milligram
carmellose	milligram
carmustine	milligram
carteolol	milligram
carvedilol	milligram
casirivimab	milligram
casirivimab/imdevimab injectie/infusieoplossing	milliliter
caspofungine	milligram
cefaclor	milligram
cefalexine	milligram
cefalotine	milligram
cefazoline	milligram
cefepim	milligram
cefixim	milligram
cefotaxim	milligram
ceftaroline	milligram
ceftazidim	milligram
ceftazidim/avibactam poeder voor oplossing voor infusie	stuk
ceftibuten	milligram
ceftriaxon	milligram
cefuroxim	milligram
celecoxib	milligram
celiprolol	milligram
cemiplimab	milligram
cenobamaat	milligram
ceritinib	milligram
cerliponase alfa	milligram
certolizumab pegol	milligram
cetirizine	milligram
cetostearylalcohol/vaseline/paraffine oogzalf	gram
cetrimide	milligram
cetrimide/chloorhexidine concentraat voor oplossing	milliliter
cetrimide/chloorhexidine oplossing voor cutaan gebruik	milliliter
cetrimide/lidocaine oplossing voor cutaan gebruik	milliliter
cetrorelix	milligram
cetuximab	milligram
chenodeoxycholzuur	milligram
chloorambucil	milligram
chlooramfenicol	milligram
chloordiazepoxide	milligram
chloorhexidine	milligram
chloorhexidine/lidocaine gel	gram
chloorhexidine/lidocaine zalf	gram
chloorhexidine/natriumfluoride mondspoeling	milliliter
chloormethine	milligram
chloorprocaine	milligram
chloorpromazine	milligram
chloorprotixeen	milligram
chloortalidon	milligram
chloorxylenol	milligram
chloralhydraat	milligram
chloroquine	milligram
choleravaccin	milligram
choriogonadotropine alfa	milligram
choriongonadotrofine	internationale eenheid
ciclesonide	milligram
ciclopirox	milligram
ciclosporine	milligram
cidofovir	milligram
cilastatine/imipenem poeder voor oplossing voor infusie	stuk
cilastatine/imipenem/relebactam poeder voor oplossing voor infusie	stuk
cilgavimab	milligram
cimetidine	milligram
cinacalcet	milligram
cinnarizine	milligram
cinnarizine/chloorcyclizine tablet	stuk
ciprofibraat	milligram
ciprofloxacine	milligram
cisatracurium	milligram
cisplatine	milligram
citalopram	milligram
citroenzuur	milligram
citrulline	milligram
cladribine	milligram
claritromycine	milligram
clemastine	milligram
clevidipine	milligram
clindamycine	milligram
clindamycine/gentamicine poeder voor cement	gram
clindamycine/tretinoine gel	gram
clioquinol	milligram
clobazam	milligram
clobetasol	milligram
clobetasol/erytromycine zalf	gram
clobetasol/salicylzuur creme	gram
clobetasol/salicylzuur zalf	gram
clobetason	milligram
clodroninezuur	milligram
clofarabine	milligram
clomifeen	milligram
clomipramine	milligram
clonazepam	milligram
clonidine	milligram
clopidogrel	milligram
clorazepinezuur	milligram
clotrimazol	milligram
clotrimazol/zinkoxide pasta voor cutaan gebruik	gram
clozapine	milligram
cobicistat	milligram
cobimetinib	milligram
cocaine	milligram
cocaine/adrenaline neusdruppels	milliliter
cocaine/adrenaline oplossing	milliliter
cocaine/fenol/levomenthol oplossing	gram
codeine	milligram
coffeine	milligram
colchicine	milligram
colecalciferol	internationale eenheid
colecalciferol/alendroninezuur tablet	stuk
colecalciferol/menaquinon 7 druppels voor oraal gebruik	milliliter
colesevelam	milligram
colestyramine	gram
colfosceril	milligram
colistine	internationale eenheid
colistine/amfotericine b/tobramycine pasta voor oromucosaal gebruik	gram
colistine/amfotericine b/tobramycine zetpil	stuk
colistine/erytromycine poeder voor cement	stuk
collagenase	milligram
conestat alfa	eenheid
corifollitropine alfa	microgram
corticoreline	microgram
cortison	milligram
crizotinib	milligram
cromoglicinezuur	milligram
cyanocobalamine	microgram
cyclizine	milligram
cyclofosfamide	milligram
cyclopentolaat	milligram
cyproteron	milligram
cysteine/calciumchloride/glutaminezuur/glycine/glycerofosforzuur/alanine/aspartinezuur/fenylalanine/isoleucine/kaliumacetaat/leucine/methionine/proline/serine/taurine/threonine/tryptofaan/tyrosine/valine/glucose/sojaolie, gezuiverd/arginine/histidine/magnesiumacetaat/ornithine/lysine/olijfolie, gezuiverd emulsie voor infusie	milliliter
cysteine/calciumchloride/glutaminezuur/natriumchloride/glycine/glycerofosforzuur/alanine/aspartinezuur/fenylalanine/isoleucine/kaliumacetaat/leucine/methionine/proline/serine/taurine/threonine/tryptofaan/tyrosine/valine/glucose/sojaolie, gezuiverd/arginine/histidine/magnesiumacetaat/ornithine/lysine/olijfolie, gezuiverd emulsie voor infusie	milliliter
cysteine/glutaminezuur/glycine/alanine/aspartinezuur/fenylalanine/isoleucine/leucine/methionine/proline/serine/threonine/tryptofaan/tyrosine/valine/arginine/lysine/histidine infusievloeistof	milliliter
cysteine/glutaminezuur/glycine/alanine/fenylalanine/isoleucine/leucine/methionine/proline/serine/taurine/threonine/tryptofaan/tyrosine/valine/asparagine/arginine/lysine/histidine infusievloeistof	milliliter
cytarabine	milligram
cytarabine/daunorubicine poeder voor oplossing voor infusie	stuk
cytisinicline	milligram
cytomegalie-immunoglobuline	eenheid
dabigatran	milligram
dabrafenib	milligram
dacarbazine	milligram
dacomitinib	milligram
dactinomycine	microgram
dalbavancine	milligram
dalteparine	internationale eenheid
damoctocog alfa pegol	internationale eenheid
danaparoide	antifactor-xa-activiteit eenheid
danazol	milligram
dantroleen	milligram
dapagliflozine	milligram
dapoxetine	milligram
dapson	milligram
daptomycine	milligram
daratumumab	milligram
darbepoetine alfa	microgram
darifenacine	milligram
darolutamide	milligram
darunavir	milligram
darunavir/cobicistat tablet	stuk
darvadstrocel	cellen
dasatinib	milligram
daunorubicine	milligram
decitabine	milligram
deferasirox	milligram
deferipron	milligram
deferoxamine	milligram
defibrotide	milligram
degarelix	milligram
demeclocycline	milligram
denosumab	milligram
desloratadine	milligram
desmopressine	microgram
desogestrel	microgram
desoximetason	milligram
desoximetason/salicylzuur emulsie voor cutaan gebruik	gram
dexamethason	milligram
dexamethason/chlooramfenicol/polymyxine b oogdruppels	milliliter
dexamethason/chlooramfenicol/polymyxine b oordruppels	milliliter
dexamethason/gentamicine oogdruppels	milliliter
dexamethason/tobramycine oogdruppels	milliliter
dexamethason/tobramycine oogzalf	gram
dexamethason/xylometazoline neusspray	milliliter
dexamfetamine	milligram
dexketoprofen	milligram
dexmedetomidine	milligram
dexrazoxaan	milligram
dextran 70/hypromellose oogdruppels	milliliter
dextromethorfan	milligram
dextromethorfan/kinidine capsule	stuk
dextromethorfan/kinidine tablet	stuk
diazepam	milligram
diazoxide	milligram
dichloorazijnzuur	milligram
diclofenac	milligram
diclofenac/misoprostol tablet met gereguleerde afgifte	stuk
dienogest	milligram
difelikefalin	microgram
difencypron	milligram
diflunisal	milligram
difterievaccin/tetanusvaccin/kinkhoestvaccin suspensie voor injectie	milliliter
difterievaccin/tetanusvaccin/poliomyelitisvaccin suspensie voor injectie	milliliter
difterievaccin/tetanusvaccin/poliomyelitisvaccin/haemophilus-influenzae-b-vaccin/kinkhoestvaccin/hepatitis-b-vaccin suspensie voor injectie	milliliter
difterievaccin/tetanusvaccin/poliomyelitisvaccin/hepatitis-b-vaccin/haemophilus-influenzae-b-vaccin/kinkhoestvaccin suspensie voor injectie	milliliter
difterievaccin/tetanusvaccin/poliomyelitisvaccin/kinkhoestvaccin suspensie voor injectie	milliliter
digoxine	milligram
dihydrotachysterol	milligram
diltiazem	milligram
dimethylfumaraat	milligram
dimethylsulfoxide	milligram
dimethylsulfoxide/kaliumhydroxide oplossing voor cutaan gebruik	milliliter
dimeticon	milligram
dimetindeen	milligram
dinatriumwaterstoffosfaat/calciumchloride/kaliumchloride/natriumchloride/natriumwaterstofcarbonaat/magnesiumchloride oplossing voor hemofiltratie/hemodialyse	milliliter
dinatriumwaterstoffosfaat/kaliumchloride/natriumchloride/natriumwaterstofcarbonaat/magnesiumchloride oplossing voor hemofiltratie/hemodialyse	milliliter
dinatriumwaterstoffosfaat/kaliumdiwaterstoffosfaat concentraat voor oplossing voor infusie	milliliter
dinatriumwaterstoffosfaat/kaliumdiwaterstoffosfaat drank	milliliter
dinatriumwaterstoffosfaat/kaliumdiwaterstoffosfaat infusievloeistof	milliliter
dinatriumwaterstoffosfaat/kaliumdiwaterstoffosfaat/kaliumhydroxide concentraat voor oplossing voor infusie	milliliter
dinoproston	milligram
dinutuximab beta	milligram
dipyridamol	milligram
diroximelfumaraat	milligram
disopyramide	milligram
distigmine	milligram
distikstofoxide	milliliter
disulfiram	milligram
ditranol	milligram
dobutamine	milligram
docetaxel	milligram
docusinezuur	milligram
dolutegravir	milligram
domperidon	milligram
donepezil	milligram
dopamine	milligram
doravirine	milligram
dornase	milligram
dorzolamide	milligram
dosulepine	milligram
doxapram	milligram
doxazosine	milligram
doxepine	milligram
doxorubicine	milligram
doxycycline	milligram
dronabinol	milligram
dronabinol/cannabidiol druppels voor sublinguaal gebruik	milliliter
dronabinol/cannabidiol zalf	gram
droperidol	milligram
drospirenon/estetrol tablet	stuk
duivelsklauw	milligram
dulaglutide	milligram
duloxetine	milligram
dupilumab	milligram
durvalumab	milligram
dutasteride	milligram
duvelisib	milligram
dydrogesteron	milligram
dydrogesteron/estradiol omhulde tablet	stuk
dydrogesteron/estradiol tablet	stuk
ebastine	milligram
echinacea	milligram
echinacea/salvia preparaat spray voor oromucosaal gebruik	dosis
eculizumab	milligram
edetinezuur	milligram
edoxaban	milligram
efavirenz	milligram
efavirenz/tenofovir disoproxil/emtricitabine tablet	stuk
efedrine	milligram
eflornithine	milligram
efmoroctocog alfa	internationale eenheid
eftrenonacog alfa	internationale eenheid
elbasvir/grazoprevir tablet	stuk
eletriptan	milligram
eliglustat	milligram
elosulfase alfa	milligram
elotuzumab	milligram
eltrombopag	milligram
emedastine	milligram
emicizumab	milligram
empagliflozine	milligram
emtricitabine	milligram
emtricitabine/cobicistat/elvitegravir/tenofovir alafenamide tablet	stuk
emtricitabine/darunavir/cobicistat/tenofovir alafenamide tablet	stuk
emtricitabine/rilpivirine/tenofovir alafenamide tablet	stuk
emtricitabine/tenofovir alafenamide tablet	stuk
emtricitabine/tenofovir alafenamide/bictegravir tablet	stuk
enalapril	milligram
enalapril/lercanidipine tablet	stuk
encorafenib	milligram
enfortumab vedotine	milligram
enoxaparine	internationale eenheid
enoximon	milligram
entacapon	milligram
entecavir	milligram
entrectinib	milligram
enzalutamide	milligram
epirubicine	milligram
eplerenon	milligram
epoetine alfa	internationale eenheid
epoetine beta	internationale eenheid
epoetine zeta	internationale eenheid
epoprostenol	microgram
eprosartan	milligram
eptacog alfa, geactiveerd	internationale eenheid
eptifibatide	milligram
eravacycline	milligram
erenumab	milligram
ergotamine/coffeine zetpil	stuk
eribuline	milligram
erlotinib	milligram
ertapenem	milligram
ertugliflozine	milligram
erytromycine	milligram
escitalopram	milligram
esketamine	milligram
esmolol	milligram
esomeprazol	milligram
estradiol	milligram
estradiol/dienogest tablet	stuk
estradiol/drospirenon filmomhulde tablet	stuk
estradiol/dydrogesteron tablet	stuk
estradiol/nomegestrol tablet	stuk
estradiol/norethisteron tablet	stuk
estramustine	milligram
estriol	milligram
estriol/estradiol gel	gram
etanercept	milligram
etelcalcetide	milligram
ethambutol	milligram
ethanol	milliliter
ethanol/glucose infusievloeistof	milliliter
ethinylestradiol	microgram
ethinylestradiol/cyproteron omhulde tablet	stuk
ethinylestradiol/desogestrel tablet	stuk
ethinylestradiol/drospirenon omhulde tablet	stuk
ethinylestradiol/drospirenon tablet	stuk
ethinylestradiol/etonogestrel toedieningssysteem voor vaginaal gebruik	stuk
ethinylestradiol/gestodeen tablet	stuk
ethinylestradiol/levonorgestrel dragee	stuk
ethinylestradiol/levonorgestrel tablet	stuk
ethinylestradiol/norelgestromine pleister voor transdermaal gebruik	stuk
ethinylestradiol/norgestimaat tablet	stuk
ethosuximide	milligram
etidroninezuur	milligram
etomidaat	milligram
etonogestrel	milligram
etoposide	milligram
etoricoxib	milligram
etravirine	milligram
everolimus	milligram
evolocumab	milligram
exemestaan	milligram
exenatide	microgram
ezetimib	milligram
ezetimib/atorvastatine tablet	stuk
f.e.i.b.a.	eenheid
factor ix/factor x poeder voor injectie/infusieoplossing	stuk
factor vii	internationale eenheid
factor viii	internationale eenheid
factor viii/von willebrandfactor poeder voor injectievloeistof	stuk
factor xi	eenheid
factor xiii	internationale eenheid
famciclovir	milligram
famotidine	milligram
fampridine	milligram
febuxostat	milligram
fedratinib	milligram
felbamaat	milligram
felodipine	milligram
fenelzine	milligram
feneticilline	milligram
fenobarbital	milligram
fenol	milligram
fenol/johexol injectievloeistof	milliliter
fenol/jomeprol injectievloeistof	milliliter
fenoterol	milligram
fenoxymethylpenicilline	milligram
fenprocoumon	milligram
fentanyl	milligram
fentanyl/bupivacaine infusievloeistof	milliliter
fentolamine	milligram
fentolamine/papaverine injectievloeistof	milliliter
fenylboterzuur	milligram
fenylbutazon	milligram
fenylefrine	milligram
fenytoine	milligram
ferricarboxymaltose	milligram
ferrichloride	milligram
ferricitraat	milligram
ferriderisomaltose	milligram
ferrioxidesaccharaat	milligram
ferrochloride	milligram
ferrocitraat	milligram
ferrofumaraat	milligram
ferrogluconaat	milligram
ferrosulfaat	milligram
fesoterodine	milligram
fexofenadine	milligram
fibrinogeen	milligram
fibrinogeen/trombine weefsellijm matrix	vierkante centimeter
fidaxomicine	milligram
filgotinib	milligram
filgrastim	eenheid
finasteride	milligram
finerenon	milligram
fingolimod	milligram
flavoxaat	milligram
flecainide	milligram
flucloxacilline	milligram
fluconazol	milligram
flucytosine	milligram
fludarabine	milligram
fludrocortison	milligram
fludrocortison/neomycine/polymyxine b/lidocaine oordruppels	milliliter
flumazenil	milligram
flumetason	milligram
flumetason/clioquinol creme	gram
flumetason/clioquinol oordruppels	milliliter
flumetason/salicylzuur zalf	gram
flunarizine	milligram
flunitrazepam	milligram
fluocinolonacetonide	milligram
fluocinonide/neomycine/nystatine/gramicidine zalf	gram
fluoresceine	milligram
fluoresceine/lidocaine oogdruppels	milliliter
fluormetholon	milligram
fluorouracil	milligram
fluoxetine	milligram
flupentixol	milligram
flurazepam	milligram
flurbiprofen	milligram
fluspirileen	milligram
flutemetamol f-18	megabecquerel
fluticason	milligram
fluticason/azelastine neusspray	dosis
fluticason/formoterol aerosol	dosis
fluticason/vilanterol inhalatiepoeder	dosis
fluticason/vilanterol/umeclidinium inhalatiepoeder	dosis
fluvastatine	milligram
fluvoxamine	milligram
folinezuur	milligram
foliumzuur	milligram
follitropine	microgram
follitropine/lutropine alfa injectievloeistof	milliliter
follitropine/lutropine alfa poeder voor injectievloeistof	stuk
fomepizol	milligram
fondaparinux	milligram
formoterol	microgram
formoterol/aclidinium inhalatiepoeder	dosis
fosamprenavir	milligram
fosaprepitant	milligram
foscarnet	milligram
fosfatidylcholine	milligram
fosfomycine	gram
fosinopril	milligram
fostemsavir	milligram
framycetine/gramicidine/dexamethason oogdruppels	milliliter
framycetine/gramicidine/dexamethason oordruppels	milliliter
fremanezumab	milligram
frovatriptan	milligram
fructose	milligram
fulvestrant	milligram
furosemide	milligram
fusidinezuur	milligram
fysostigmine	milligram
fytomenadion	milligram
fytomenadion/ascorbinezuur/cyanocobalamine/foliumzuur/dexpanthenol/retinol/thiamine/biotine/nicotinamide/pyridoxine/colecalciferol/tocoferol, dl-alfa-/riboflavine poeder voor oplossing voor infusie	stuk
fytomenadion/retinol/colecalciferol/tocoferol, dl-alfa- drank	milliliter
fytomenadion/retinol/ergocalciferol/tocoferol, dl-alfa- concentraat voor oplossing voor infusie	milliliter
gabapentine	milligram
gadobeenzuur	milligram
gadobutrol	milligram
gadoteerzuur	milligram
gadoteridol	milligram
gadoxetinezuur	millimol
galantamine	milligram
galcanezumab	milligram
galsulfase	milligram
ganciclovir	milligram
ganirelix	milligram
gefitinib	milligram
gelatine, gemodificeerd	milligram
gelekoortsvaccin	internationale eenheid
gemcitabine	milligram
gemfibrozil	milligram
gemtuzumab ozogamicine	milligram
gentamicine	milligram
gentamicine/dexamethason oogzalf	gram
gentamicine/vancomycine poeder voor cement	gram
gilteritinib	milligram
givosiran	milligram
glatirameer	milligram
glecaprevir/pibrentasvir tablet	stuk
glibenclamide	milligram
glibenclamide/metformine filmomhulde tablet	stuk
gliclazide	milligram
glimepiride	milligram
glucagon	internationale eenheid
glucosamine	milligram
glucose	milligram
glutaminezuur	milligram
glutaminezuur/glycine/alanine/aspartinezuur/fenylalanine/isoleucine/leucine/lysine/methionine/proline/serine/threonine/tryptofaan/valine/glucose/sojaolie, gezuiverd/arginine/histidine/middellangeketentriglyceriden emulsie voor infusie	milliliter
glutaminezuur/glycine/alanine/aspartinezuur/fenylalanine/isoleucine/leucine/methionine/proline/serine/taurine/threonine/tryptofaan/tyrosine/valine/arginine/lysine/histidine/cysteine/ornithine infusievloeistof	milliliter
glutaminezuur/glycine/alanine/aspartinezuur/fenylalanine/isoleucine/leucine/methionine/proline/serine/threonine/tryptofaan/tyrosine/valine/arginine/histidine/lysine infusievloeistof	milliliter
glutaminezuur/glycine/alanine/aspartinezuur/fenylalanine/isoleucine/leucine/methionine/proline/serine/threonine/tryptofaan/tyrosine/valine/arginine/histidine/lysine/glutamine infusievloeistof	milliliter
glutaminezuur/glycine/alanine/aspartinezuur/fenylalanine/isoleucine/leucine/methionine/proline/serine/threonine/tryptofaan/tyrosine/valine/sojaolie, gezuiverd/arginine/histidine/lysine/glucose/olijfolie, gezuiverd emulsie voor infusie	milliliter
glycerofosforzuur	milligram
glycerol	milligram
glycerolfenylbutyraat	gram
glycine	milligram
glycine/alanine/fenylalanine/isoleucine/leucine/lysine/methionine/proline/serine/threonine/tryptofaan/tyrosine/valine/glucose/arginine/histidine infusievloeistof	milliliter
glycine/alanine/fenylalanine/isoleucine/leucine/methionine/proline/serine/taurine/threonine/tryptofaan/tyrosine/valine/glucose/sojaolie, gezuiverd/arginine/histidine/lysine/middellangeketentriglyceriden/olijfolie, gezuiverd/omega-3-olie, gezuiverd emulsie voor infusie	milliliter
glycopyrronium	milligram
glycopyrronium/budesonide/formoterol aerosol	dosis
glycopyrronium/formoterol aerosol	dosis
glycopyrronium/indacaterol inhalatiepoeder	stuk
glycopyrronium/mometason/indacaterol inhalatiepoeder	stuk
golimumab	milligram
gonadoreline	microgram
gosereline	milligram
granisetron	milligram
griseofulvine	milligram
guanfacine	milligram
guselkumab	milligram
haemophilus-influenzae-b-vaccin	microgram
haloperidol	milligram
hemine	milligram
heparine	internationale eenheid
heparine/calciumchloride/kaliumchloride/natriumchloride/natriumlactaat infusievloeistof	milliliter
heparine/natriumchloride infusievloeistof	milliliter
heparinoiden	milligram
hepatitis-a-vaccin	eenheid
hepatitis-b-immunoglobuline	internationale eenheid
hepatitis-b-vaccin	microgram
hepatitis-b-vaccin/hepatitis-a-vaccin suspensie voor injectie	milliliter
hexaminolevulinaat	milligram
histamine	microgram
homatropine	milligram
hop/sumak aromatisch/pompoen capsule	stuk
hyaluronidase	internationale eenheid
hyaluronzuur	milligram
hyaluronzuur/carbomeer oogdruppels	milliliter
hyaluronzuur/chondroitinezwavelzuur injectievloeistof	milliliter
hydralazine	milligram
hydrochinon	milligram
hydrochloorthiazide	milligram
hydrochloorthiazide/aliskiren tablet	stuk
hydrochloorthiazide/amiloride tablet	stuk
hydrochloorthiazide/amlodipine/olmesartan tablet	stuk
hydrochloorthiazide/amlodipine/valsartan tablet	stuk
hydrochloorthiazide/bisoprolol tablet	stuk
hydrochloorthiazide/candesartan tablet	stuk
hydrochloorthiazide/enalapril tablet	stuk
hydrochloorthiazide/eprosartan filmomhulde tablet	stuk
hydrochloorthiazide/fosinopril tablet	stuk
hydrochloorthiazide/irbesartan tablet	stuk
hydrochloorthiazide/lisinopril tablet	stuk
hydrochloorthiazide/losartan omhulde tablet	stuk
hydrochloorthiazide/losartan tablet	stuk
hydrochloorthiazide/metoprolol tablet met gereguleerde afgifte	stuk
hydrochloorthiazide/olmesartan tablet	stuk
hydrochloorthiazide/quinapril tablet	stuk
hydrochloorthiazide/ramipril tablet	stuk
hydrochloorthiazide/telmisartan tablet	stuk
hydrochloorthiazide/triamtereen tablet	stuk
hydrochloorthiazide/valsartan omhulde tablet	stuk
hydrocortison	milligram
hydrocortison/aciclovir creme	gram
hydrocortison/colistine/bacitracine oordruppels	milliliter
hydrocortison/framycetine/cinchocaine zalf voor rectaal gebruik	gram
hydrocortison/fusidinezuur creme	gram
hydrocortison/fusidinezuur zalf	gram
hydrocortison/ketoconazol creme	gram
hydrocortison/levomenthol creme	gram
hydrocortison/lidocaine creme	gram
hydrocortison/lidocaine/zinkoxide creme	gram
hydrocortison/miconazol creme	gram
hydrocortison/miconazol zalf	gram
hydrocortison/miconazol/zinkoxide pasta voor cutaan gebruik	gram
hydrocortison/oxytetracycline/polymyxine b oogzalf	gram
hydrocortison/oxytetracycline/polymyxine b oordruppels	milliliter
hydrocortison/oxytetracycline/polymyxine b oorzalf	gram
hydrocortison/tetracycline oordruppels	milliliter
hydrocortison/tetracycline zalf	gram
hydrocortison/tretinoine/hydrochinon creme	gram
hydrocortison/ureum creme	gram
hydrocortison/ureum zalf	gram
hydrocortison/zinkoxide/ketoconazol creme	gram
hydrocortison/zinksulfaat creme voor rectaal gebruik	gram
hydrokinine	milligram
hydromorfon	milligram
hydromorfon/dexamethason infusievloeistof	milliliter
hydroxocobalamine	microgram
hydroxyboterzuur	milligram
hydroxycarbamide	milligram
hydroxychloroquine	milligram
hydroxyethylrutosiden	milligram
hydroxyethylzetmeel	milligram
hydroxyprogesteron	milligram
hydroxyzine	milligram
hypromellose	milligram
ibandroninezuur	milligram
ibrutinib	milligram
ibuprofen	milligram
ibutilide	milligram
icatibant	milligram
ichthammol	milligram
idarubicine	milligram
idarucizumab	milligram
idebenon	milligram
idelalisib	milligram
idursulfase	milligram
ifosfamide	milligram
ijzer(iii)oxidehydroxidesaccharosezetmeelcomplex	milligram
ijzerdextrancomplex	milligram
iloprost	microgram
imatinib	milligram
imdevimab	milligram
imiglucerase	eenheid
imipramine	milligram
imiquimod	milligram
imlifidase	milligram
immunocyanine	milligram
immunoglobuline, normaal	milligram
inclisiran	milligram
indacaterol	microgram
indapamide	milligram
indapamide/amlodipine tablet met gereguleerde afgifte	stuk
indapamide/amlodipine/perindopril tablet	stuk
indapamide/perindopril tablet	stuk
indigokarmijn	milligram
indocyaninegroen	milligram
indometacine	milligram
infliximab	milligram
influenzavaccin	microgram
inotuzumab ozogamicine	milligram
insectenallergeen	microgram
insuline aspart	eenheid
insuline aspart/insuline aspart, protamine suspensie voor injectie	milliliter
insuline aspart/insuline degludec injectievloeistof	milliliter
insuline degludec	eenheid
insuline detemir	eenheid
insuline glargine	eenheid
insuline glargine/lixisenatide injectievloeistof	milliliter
insuline glulisine	eenheid
insuline lispro	eenheid
insuline lispro/insuline lispro, protamine suspensie voor injectie	milliliter
insuline, gewoon	internationale eenheid
insuline, gewoon/insuline, isofaan suspensie voor injectie	milliliter
insuline, isofaan	internationale eenheid
interferon alfa 2a	internationale eenheid
interferon alfa 2b	internationale eenheid
interferon beta 1a "biogen idec"	internationale eenheid
interferon beta 1a "merck serono"	internationale eenheid
interferon beta 1b	internationale eenheid
interferon gamma 1b	milligram
ipilimumab	milligram
ipratropium	milligram
ipratropium/fenoterol aerosol	dosis
ipratropium/salbutamol vernevelvloeistof	milliliter
ipratropium/xylometazoline neusspray	milliliter
irbesartan	milligram
irinotecan	milligram
isatuximab	milligram
isavuconazol	milligram
isoniazide	milligram
isoprenaline	milligram
isopropanol/chloorhexidine oplossing voor cutaan gebruik	milliliter
isopropanol/propanol/mecetronium oplossing voor cutaan gebruik	milliliter
isosorbidedinitraat	milligram
isosorbidemononitraat	milligram
isotretinoine	milligram
itraconazol	milligram
ivabradine	milligram
ivacaftor	milligram
ivacaftor/lumacaftor granulaat	stuk
ivacaftor/lumacaftor tablet	stuk
ivacaftor/tezacaftor tablet	stuk
ivacaftor/tezacaftor/elexacaftor tablet	stuk
ivermectine	milligram
ixazomib	milligram
ixekizumab	milligram
japanse-encefalitisvaccin	antigeen-eenheid
jobenguaan i-123	megabecquerel
jobenguaan i-131	megabecquerel
jobitridol	milligram
jodium/kaliumjodide druppels voor oraal gebruik	milliliter
jodium/kaliumjodide vloeistof voor vaginaal gebruik	milliliter
jodium/natriumjodide oplossing voor cutaan gebruik	gram
jodixanol	milligram
jodoform	milligram
johexol	milligram
jolopride i-123	megabecquerel
jomeprol	milligram
jopromide	milligram
joversol	milligram
joxitalaminezuur	milligram
kaliumacetaat	milligram
kaliumacetaat/kaliumdiwaterstoffosfaat/dikaliumwaterstoffosfaat concentraat voor oplossing voor infusie	milliliter
kaliumchloride	milligram
kaliumchloride/glucose infusievloeistof	milliliter
kaliumchloride/magnesiumchloride concentraat voor oplossing voor infusie	milliliter
kaliumchloride/natriumchloride infusievloeistof	milliliter
kaliumchloride/natriumchloride/dimeticon/macrogol/citroenzuur/natriumsulfaat/natriumcitraat poeder voor drank	stuk
kaliumchloride/natriumchloride/glucose infusievloeistof	milliliter
kaliumchloride/natriumchloride/glucose/natriumcitraat poeder voor drank	stuk
kaliumchloride/natriumchloride/magnesiumchloride/natriumacetaat infusievloeistof	milliliter
kaliumchloride/natriumchloride/magnesiumchloride/natriumacetaat/glucose infusievloeistof	milliliter
kaliumchloride/natriumchloride/magnesiumchloride/natriumacetaat/hydroxyethylzetmeel infusievloeistof	milliliter
kaliumchloride/natriumchloride/magnesiumchloride/natriumacetaat/natriumgluconaat infusievloeistof	milliliter
kaliumchloride/natriumchloride/natriumcitraat/glucose poeder voor drank	stuk
kaliumchloride/natriumchloride/natriumcitraat/magnesiumchloride/glucose oplossing voor hemofiltratie	milliliter
kaliumchloride/natriumchloride/natriumsulfaat/macrogol poeder voor drank	stuk
kaliumchloride/natriumchloride/natriumwaterstofcarbonaat/citroenzuur/glucose bruistablet	stuk
kaliumchloride/natriumchloride/natriumwaterstofcarbonaat/citroenzuur/glucose poeder voor drank	stuk
kaliumchloride/natriumchloride/natriumwaterstofcarbonaat/macrogol concentraat voor drank	milliliter
kaliumchloride/natriumchloride/natriumwaterstofcarbonaat/macrogol drank	milliliter
kaliumchloride/natriumchloride/natriumwaterstofcarbonaat/macrogol poeder voor drank	stuk
kaliumchloride/natriumchloride/natriumwaterstofcarbonaat/macrogol/natriumsulfaat poeder voor drank	stuk
kaliumchloride/natriumchloride/natriumwaterstofcarbonaat/natriumsulfaat/macrogol poeder voor drank	stuk
kaliumchloride/natriumwaterstofcarbonaat/kaliumdiwaterstoffosfaat/dikaliumwaterstoffosfaat/glucose spoeling	milliliter
kaliumcitraat	milligram
kaliumcitraat/citroenzuur drank	milliliter
kaliumdiwaterstoffosfaat/dikaliumwaterstoffosfaat drank	milliliter
kaliumjodide	milligram
kaliumjodide/ferrogluconaat/natriumfluoride/zinkgluconaat/natriumseleniet/natriummolybdaat/chroom(iii)chloride/koper(ii)gluconaat/mangaan(ii)gluconaat concentraat voor oplossing voor infusie	milliliter
kaliumjodide/zinkchloride/ferrichloride/natriumfluoride/koper(ii)chloride/mangaan(ii)chloride/natriummolybdaat/natriumseleniet/chroom(iii)chloride concentraat voor oplossing voor infusie	milliliter
kaliumjodide/zinkchloride/natriumfluoride/koper(ii)chloride/mangaan(ii)chloride/ferrochloride/natriumseleniet/natriummolybdaat/chroom(iii)chloride concentraat voor oplossing voor infusie	milliliter
kaliumjodide/zinkchloride/natriumfluoride/koper(ii)chloride/mangaan(ii)chloride/natriumseleniet concentraat voor oplossing voor infusie	milliliter
kaliumjodide/zinkgluconaat/natriumseleniet/koper(ii)gluconaat/mangaan(ii)gluconaat concentraat voor oplossing voor infusie	milliliter
kaliumperchloraat	milligram
kaliumwaterstoftartraat	milligram
kamfer/eucalyptus/terpentijn/marjolein preparaat zalf voor inhalatiedamp	gram
kamfer/levomenthol/eucalyptus zalf voor inhalatiedamp	gram
kamfer/levomenthol/eucalyptus/terpentijn/thymol zalf voor inhalatiedamp	gram
kanamycine	milligram
ketamine	milligram
ketanserine	milligram
ketoconazol	milligram
ketoprofen	milligram
ketorolac	milligram
ketotifen	milligram
kinidine	milligram
kinine	milligram
klimop	milligram
kool, geactiveerd	milligram
koolteer preparaat	milligram
koolteer preparaat/zwavel creme	gram
koper	vierkante millimeter
krypton kr-81m	megabecquerel
labetalol	milligram
labetalol/glucose injectievloeistof	milliliter
lacidipine	milligram
lacosamide	milligram
lactitol	gram
lactose	milligram
lactulose	gram
lamivudine	milligram
lamivudine/abacavir tablet	stuk
lamivudine/abacavir/dolutegravir tablet	stuk
lamivudine/dolutegravir tablet	stuk
lamivudine/tenofovir disoproxil/doravirine tablet	stuk
lamotrigine	milligram
lanadelumab	milligram
landiolol	milligram
lanreotide	milligram
lansoprazol	milligram
lanthaancarbonaat	milligram
lapatinib	milligram
laronidase	eenheid
larotrectinib	milligram
latanoprost	milligram
lauromacrogol 400	milligram
lauromacrogol 400/oliezuur creme voor rectaal gebruik	gram
leflunomide	milligram
lenalidomide	milligram
lenvatinib	milligram
leptospirosevaccin	miljoen ie
lercanidipine	milligram
letermovir	milligram
letrozol	milligram
leuproreline	milligram
levamisol	milligram
levertraan/biergist preparaat zalf voor rectaal gebruik	gram
levertraan/biergist preparaat zetpil	stuk
levetiracetam	milligram
levobupivacaine	milligram
levocabastine	milligram
levocarnitine	milligram
levocetirizine	milligram
levodopa/benserazide capsule	stuk
levodopa/benserazide capsule met gereguleerde afgifte	stuk
levodopa/benserazide dispergeerbare tablet	stuk
levodopa/benserazide tablet	stuk
levodopa/carbidopa gel voor gastro-enteraal gebruik	milliliter
levodopa/carbidopa tablet	stuk
levodopa/carbidopa tablet met gereguleerde afgifte	stuk
levodopa/carbidopa/entacapon gel voor gastro-enteraal gebruik	milliliter
levodopa/carbidopa/entacapon tablet	stuk
levofloxacine	milligram
levomenthol	milligram
levomenthol/koolteer preparaat shampoo	gram
levomepromazine	milligram
levonorgestrel	microgram
levosimendan	milligram
levothyroxine	microgram
lidocaine	milligram
lidocaine/levomenthol gel	gram
lidocaine/prilocaine creme	gram
lidocaine/prilocaine pleister	stuk
lidocaine/tetracaine pleister	stuk
lidocaine/tetracaine zalf	gram
lidocaine/zinkoxide pasta voor cutaan gebruik	gram
lidocaine/zinkoxide/bismutsubnitraat zalf voor rectaal gebruik	gram
lidocaine/zinkoxide/bismutsubnitraat zetpil	stuk
lidocaine/zinksulfaat creme voor rectaal gebruik	gram
lijnzaad preparaat/rhamnus frangula/senna granulaat	gram
linaclotide	microgram
linagliptine	milligram
linezolid	milligram
liothyronine	microgram
lipegfilgrastim	milligram
liraglutide	milligram
liraglutide/insuline degludec injectievloeistof	milliliter
lisdexamfetamine	milligram
lisinopril	milligram
lithiumcarbonaat	milligram
lithiumcitraat	milligram
lixisenatide	microgram
lomitapide	milligram
lomustine	milligram
lonoctocog alfa	internationale eenheid
loperamide	milligram
loperamide/dimeticon tablet	stuk
loprazolam	milligram
loratadine	milligram
lorazepam	milligram
lorlatinib	milligram
lormetazepam	milligram
losartan	milligram
lumasiran	milligram
lurasidon	milligram
luspatercept	milligram
lutetium lu-177 oxodotreotide	megabecquerel
lutetium lu-177 psma i&t	megabecquerel
lutropine alfa	internationale eenheid
lymfocytenimmunoglobuline	milligram
lynestrenol	milligram
lysine	milligram
macitentan	milligram
macrogol	milligram
magnesiumchloride	milligram
magnesiumcitraat	milligram
magnesiumcitraat/gluconolacton/citroenzuur blaasspoeling	milliliter
magnesiumcitraat/natriumcitraat/citroenzuur blaasspoeling	milliliter
magnesiumgluconaat	milligram
magnesiumhydroxide	milligram
magnesiumhydroxide/algeldraat kauwtablet	stuk
magnesiumhydroxide/algeldraat suspensie voor oraal gebruik	stuk
magnesiumhydroxide/dimeticon/algeldraat kauwtablet	stuk
magnesiumlactaat	milligram
magnesiumoxide/citroenzuur/picozwavelzuur poeder voor drank	stuk
magnesiumsubcarbonaat/calciumacetaat tablet	stuk
magnesiumsulfaat	milligram
magnesiumsulfaat/calciumchloride/glutaminezuur/kaliumchloride/glycine/alanine/aspartinezuur/fenylalanine/isoleucine/leucine/lysine/methionine/natriumacetaat/proline/serine/threonine/tryptofaan/tyrosine/valine/glucose/sojaolie, gezuiverd/arginine/histidine/glycerofosforzuur emulsie voor infusie	milliliter
magnesiumsulfaat/calciumchloride/kaliumchloride/glycine/zinksulfaat/glycerofosforzuur/alanine/fenylalanine/isoleucine/leucine/lysine/methionine/natriumacetaat/proline/serine/threonine/tryptofaan/tyrosine/valine/glucose/sojaolie, gezuiverd/arginine/histidine/middellangeketentriglyceriden/olijfolie, gezuiverd/omega-3-olie, gezuiverd emulsie voor infusie	milliliter
magnesiumsulfaat/calciumchloride/kaliumchloride/glycine/zinksulfaat/glycerofosforzuur/alanine/fenylalanine/isoleucine/leucine/methionine/natriumacetaat/proline/serine/taurine/threonine/tryptofaan/tyrosine/valine/glucose/sojaolie, gezuiverd/arginine/histidine/lysine/middellangeketentriglyceriden/olijfolie, gezuiverd/omega-3-olie, gezuiverd emulsie voor infusie	milliliter
magnesiumsulfaat/kaliumchloride concentraat voor oplossing voor infusie	milliliter
magnesiumsulfaat/kaliumchloride infusievloeistof	milliliter
magnesiumsulfaat/kaliumchloride/natriumchloride infusievloeistof	milliliter
magnesiumsulfaat/kaliumchloride/natriumchloride/glucose infusievloeistof	milliliter
magnesiumsulfaat/kaliumchloride/pyridoxine concentraat voor oplossing voor infusie	milliliter
magnesiumsulfaat/kaliumsulfaat/natriumsulfaat concentraat voor drank	milliliter
mais preparaat	milliliter
mannitol	milligram
mannitol/lactose/saccharose/raffinose drank	milliliter
mannitol/sorbitol blaasspoeling	milliliter
maprotiline	milligram
maraviroc	milligram
mazelenvaccin/rubellavaccin/bofvaccin poeder voor suspensie voor injectie	stuk
mebendazol	milligram
mebeverine	milligram
mecasermine	milligram
meclozine	milligram
medroxyprogesteron	milligram
mefloquine	milligram
megestrol	milligram
melatonine	milligram
melfalan	milligram
melkzuur	milligram
meloxicam	milligram
memantine	milligram
menaquinon 7	microgram
meningokokkenvaccin	microgram
menopauzegonadotrofine	internationale eenheid
mepivacaine	milligram
mepivacaine/adrenaline injectievloeistof	milliliter
mepivacaine/bupivacaine injectievloeistof	milliliter
mepolizumab	milligram
mercaptamine	milligram
mercapto-ethaansulfonzuur	milligram
mercaptopurine	milligram
meropenem	milligram
mesalazine	gram
metamizol	milligram
metformine	milligram
metformine/dapagliflozine tablet	stuk
metformine/empagliflozine tablet	stuk
metformine/ertugliflozine tablet	stuk
metformine/linagliptine tablet	stuk
metformine/pioglitazon tablet	stuk
metformine/sitagliptine tablet	stuk
metformine/vildagliptine tablet	stuk
methacholine	milligram
methadon	milligram
methenamine	milligram
methionine	milligram
methohexital	milligram
methotrexaat	milligram
methoxsaleen	milligram
methoxyfluraan	milliliter
methoxypolyethyleenglycolepoetine beta	microgram
methylaminolevulinaat	milligram
methylcellulose	milligram
methyldopa	milligram
methylergometrine	milligram
methylfenidaat	milligram
methylnaltrexon	milligram
methylprednisolon	milligram
methylprednisolon/lidocaine injectievloeistof	milliliter
methylrosaniline	milligram
methyltestosteron	milligram
methylthionine	milligram
metoclopramide	milligram
metoprolol	milligram
metreleptine	milligram
metronidazol	milligram
metyrapon	milligram
mexiletine	milligram
mianserine	milligram
micafungine	milligram
miconazol	milligram
miconazol/ureum zalf	gram
miconazol/zinkoxide creme	gram
miconazol/zinkoxide pasta voor cutaan gebruik	gram
miconazol/zinkoxide zalf	gram
midazolam	milligram
midodrine	milligram
midostaurine	milligram
mifamurtide	milligram
mifepriston	milligram
miglustat	milligram
milrinon	milligram
minocycline	milligram
minoxidil	milligram
mirabegron	milligram
mirtazapine	milligram
misoprostol	microgram
mitomycine	milligram
mitotaan	milligram
mitoxantron	milligram
mivacurium	milligram
mizolastine	milligram
moclobemide	milligram
modafinil	milligram
moederkruid	milligram
mogamulizumab	milligram
molnupiravir	milligram
mometason	milligram
mometason/indacaterol inhalatiepoeder	stuk
monochloorazijnzuur	milligram
montelukast	milligram
morfine	milligram
morfine/bupivacaine infusievloeistof	milliliter
morfine/bupivacaine injectievloeistof	milliliter
morfine/dexamethason infusievloeistof	milliliter
morfine/droperidol infusievloeistof	milliliter
moroctocog alfa	internationale eenheid
mosunetuzumab	milligram
moxifloxacine	milligram
moxisylyt	milligram
moxonidine	milligram
mupirocine	milligram
mycofenolzuur	milligram
myrtus	milligram
nabumeton	milligram
nadroparine	internationale eenheid
nafareline	milligram
nafazoline	milligram
nalbufine	milligram
nalmefeen	milligram
naloxegol	milligram
naloxon	milligram
naloxon/oxycodon tablet met gereguleerde afgifte	stuk
naltrexon	milligram
naltrexon/bupropion tablet met gereguleerde afgifte	stuk
nandrolon	milligram
naproxen	milligram
naproxen/esomeprazol tablet met gereguleerde afgifte	stuk
naratriptan	milligram
natalizumab	milligram
natriumcalciumedetaat	milligram
natriumcarbonaat	milligram
natriumchloride	milligram
natriumchloride/glucose infusievloeistof	milliliter
natriumchloride/natriumcitraat oplossing voor hemofiltratie	milliliter
natriumcitraat	milligram
natriumcitraat/citroenzuur drank	milliliter
natriumdiwaterstoffosfaat	milligram
natriumdiwaterstoffosfaat/calciumchloride/glutaminezuur/glycine/alanine/aspartinezuur/fenylalanine/isoleucine/leucine/lysine/methionine/natriumacetaat/proline/serine/threonine/tryptofaan/valine/glucose/magnesiumacetaat/histidine/arginine infusievloeistof	milliliter
natriumdiwaterstoffosfaat/calciumchloride/glutaminezuur/natriumchloride/glycine/alanine/aspartinezuur/fenylalanine/histidine/isoleucine/kaliumacetaat/leucine/lysine/methionine/natriumacetaat/natriumhydroxide/proline/serine/threonine/tryptofaan/valine/zinkacetaat/glucose/sojaolie, gezuiverd/arginine/magnesiumacetaat/middellangeketentriglyceriden/omega-3-olie, gezuiverd emulsie voor infusie	milliliter
natriumdiwaterstoffosfaat/calciumchloride/glutaminezuur/natriumchloride/glycine/alanine/aspartinezuur/fenylalanine/isoleucine/kaliumacetaat/leucine/lysine/methionine/natriumacetaat/natriumhydroxide/proline/serine/threonine/tryptofaan/valine/zinkacetaat/glucose/sojaolie, gezuiverd/arginine/histidine/magnesiumacetaat/middellangeketentriglyceriden emulsie voor infusie	milliliter
natriumdiwaterstoffosfaat/dinatriumwaterstoffosfaat concentraat voor oplossing voor hemodialyse	milliliter
natriumdiwaterstoffosfaat/dinatriumwaterstoffosfaat concentraat voor oplossing voor infusie	milliliter
natriumdiwaterstoffosfaat/dinatriumwaterstoffosfaat drank	milliliter
natriumdiwaterstoffosfaat/dinatriumwaterstoffosfaat infusievloeistof	milliliter
natriumdiwaterstoffosfaat/dinatriumwaterstoffosfaat klysma	milliliter
natriumdiwaterstoffosfaat/dinatriumwaterstoffosfaat mondspoeling	milliliter
natriumfluoride	milligram
natriumfluoride f-18	megabecquerel
natriumfluoride/dectaflur/olaflur gel voor dentaal gebruik	gram
natriumfluoride/waterstoffluoride gel voor dentaal gebruik	milliliter
natriumhypochloriet	milligram
natriumjodide i-123	megabecquerel
natriumjodide i-131	megabecquerel
natriumlactaat	milligram
natriummetabisulfiet	milligram
natriumnitriet	milligram
natriumperchloraat	milligram
natriumseleniet	milligram
natriumsulfaat	milligram
natriumsulfaat/kool, geactiveerd granulaat voor orale suspensie	stuk
natriumthiosulfaat	milligram
natriumwaterstofcarbonaat	milligram
natriumwaterstofcarbonaat/alginezuur suspensie voor oraal gebruik	milliliter
natriumzirkoniumcyclosilicaat	gram
nebivolol	milligram
nelarabine	milligram
neomycine/polymyxine b tablet	stuk
neostigmine	milligram
neostigmine/glycopyrronium injectievloeistof	milliliter
nepafenac	milligram
neratinib	milligram
nevirapine	milligram
nicardipine	milligram
niclosamide	milligram
nicorandil	milligram
nicotine	milligram
nifedipine	milligram
nilotinib	milligram
nilutamide	milligram
nimodipine	milligram
nintedanib	milligram
niraparib	milligram
nirmatrelvir	milligram
nitisinon	milligram
nitrazepam	milligram
nitrofurantoine	milligram
nitroglycerine	milligram
nitroprusside	milligram
nivolumab	milligram
nonacog alfa	internationale eenheid
nonacog beta pegol	internationale eenheid
nonacog gamma	internationale eenheid
noradrenaline	milligram
norethisteron	milligram
norethisteron/estradiol omhulde tablet	stuk
norfloxacine	milligram
nortriptyline	milligram
noscapine	milligram
nusinersen	milligram
nystatine	eenheid
obidoxim	milligram
obinutuzumab	milligram
ocrelizumab	milligram
ocriplasmine	milligram
octocog alfa	internationale eenheid
octreotide	microgram
oestrogenen, geconjugeerd	milligram
oestrogenen, geconjugeerd/bazedoxifeen tablet met gereguleerde afgifte	stuk
ofatumumab	milligram
ofloxacine	milligram
olanzapine	milligram
olaparib	milligram
olaratumab	milligram
olie, vet/was/glycerylmono-oleaat creme	gram
olie, vet/was/vaseline/glycerylmono-oleaat creme	gram
olmesartan	milligram
olodaterol	microgram
olopatadine	milligram
olsalazine	milligram
omalizumab	milligram
omega-3-olie, gezuiverd	milligram
omega-3-vetzuren	gram
omeprazol	milligram
onasemnogene abeparvovec	teravectorgenomen
ondansetron	milligram
opium	milligram
orlistat	milligram
oseltamivir	milligram
osilodrostat	milligram
osimertinib	milligram
oxaliplatine	milligram
oxazepam	milligram
oxcarbazepine	milligram
oxitriptan	milligram
oxomemazine	milligram
oxybuprocaine	milligram
oxybuprocaine/fluoresceine oogdruppels	milliliter
oxybuprocaine/xylometazoline neusdruppels	milliliter
oxybuprocaine/xylometazoline neusspray	milliliter
oxybuprocaine/xylometazoline oplossing	milliliter
oxybutynine	milligram
oxycodon	milligram
oxymetazoline	milligram
oxytocine	internationale eenheid
ozanimod	milligram
paardenkastanje	milligram
paclitaxel	milligram
palbociclib	milligram
paliperidon	milligram
palivizumab	milligram
palonosetron/netupitant capsule	stuk
pamidroninezuur	milligram
panitumumab	milligram
panobinostat	milligram
pantoprazol	milligram
papaverine	milligram
papillomavirusvaccin	microgram
paracetamol	milligram
paracetamol/ascorbinezuur poeder voor drank	stuk
paracetamol/ascorbinezuur/coffeine bruistablet	stuk
paracetamol/ascorbinezuur/coffeine tablet	stuk
paracetamol/codeine tablet	stuk
paracetamol/codeine zetpil	stuk
paracetamol/coffeine omhulde tablet	stuk
paracetamol/coffeine poeder voor oraal gebruik	stuk
paracetamol/coffeine tablet	stuk
paracetamol/propyfenazon/coffeine poeder voor oraal gebruik	stuk
paracetamol/propyfenazon/coffeine tablet	stuk
paracetamol/tramadol filmomhulde tablet	stuk
paraffine	milligram
parathyroidhormoon	microgram
parecoxib	milligram
paricalcitol	microgram
paromomycine	milligram
paroxetine	milligram
pasireotide	milligram
patentblauw v	milligram
patiromeer	gram
patisiran	milligram
pazopanib	milligram
pegaspargase	eenheid
pegfilgrastim	milligram
peginterferon alfa 2a	microgram
peginterferon alfa 2b	microgram
peginterferon beta 1a "biogen idec"	microgram
pegvisomant	milligram
pelargonium	milligram
pembrolizumab	milligram
pemetrexed	milligram
penfluridol	milligram
penicillamine	milligram
pentamidine	milligram
penteteenzuur	milligram
pentobarbital	milligram
pentosanpolyzwavelzuur	milligram
pentoxifylline	milligram
pepermunt	milliliter
perampanel	milligram
perfenazine	milligram
periciazine	milligram
perindopril	milligram
permetrine	milligram
pertuzumab	milligram
pethidine	milligram
pethidine/promazine injectievloeistof	milliliter
pilocarpine	milligram
pimecrolimus	milligram
pimozide	milligram
pindolol	milligram
pioglitazon	milligram
pipamperon	milligram
piper methysticum	milligram
piperacilline/tazobactam infusievloeistof	milliliter
piperacilline/tazobactam poeder voor injectievloeistof	stuk
piracetam	milligram
pirfenidon	milligram
piritramide	milligram
piroxicam	milligram
pitolisant	milligram
pixantron	milligram
pizotifeen	milligram
plantago ovata	milligram
plantago ovata/senna granulaat	gram
plerixafor	milligram
podofyllotoxine	milligram
podofyllum	milligram
polatuzumab vedotine	milligram
policresuleen	milligram
poliomyelitisvaccin	d-antigeen eenheid
polymyxine b	internationale eenheid
polystyreensulfonzuur	gram
pomalidomide	milligram
ponatinib	milligram
ponesimod	milligram
posaconazol	milligram
povidon	milligram
povidonjodium	milligram
pramipexol	milligram
prasteron	milligram
prasugrel	milligram
pravastatine	milligram
pravastatine/fenofibraat capsule	stuk
prazepam	milligram
praziquantel	milligram
prednisolon	milligram
prednison	milligram
pregabaline	milligram
pregnenolon	milligram
prilocaine	milligram
prilocaine/felypressine injectievloeistof	milliliter
primaquine	milligram
primidon	milligram
probenecide	milligram
procainamide	milligram
procaine	milligram
procarbazine	milligram
progesteron	milligram
proguanil/atovaquon filmomhulde tablet	stuk
promethazine	milligram
propafenon	milligram
propamidine	milligram
propofol	milligram
propranolol	milligram
propyleenglycol/hypromellose gel	gram
propyleenglycol/was/vaseline/paraffine creme	gram
propylparahydroxybenzoaat/lidocaine zuigtablet	stuk
propylthiouracil	milligram
protamine	internationale eenheid
proteine c	internationale eenheid
protrombinecomplex	internationale eenheid
prucalopride	milligram
pyrazinamide	milligram
pyridostigmine	milligram
pyridoxalfosfaat	milligram
pyridoxine	milligram
pyridoxine/doxylamine maagsapresistente tablet	stuk
pyridoxine/meclozine tablet	stuk
pyridoxine/meclozine zetpil	stuk
pyrimethamine	milligram
quetiapine	milligram
quinagolide	microgram
rabeprazol	milligram
rabiesvaccin	internationale eenheid
radium ra-223 dichloride	kilobecquerel
raloxifeen	milligram
raltegravir	milligram
ramipril	milligram
ramucirumab	milligram
ranibizumab	milligram
ranitidine	milligram
rasagiline	milligram
rasburicase	milligram
ravulizumab	milligram
regadenoson	microgram
regdanvimab	milligram
regorafenib	milligram
remdesivir	milligram
remifentanil	milligram
remimazolam	milligram
repaglinide	milligram
reslizumab	milligram
resorcinol	milligram
retinol	internationale eenheid
rhesus(d)immunoglobuline	microgram
ribavirine	milligram
ribociclib	milligram
riboflavine	milligram
rifabutine	milligram
rifampicine	milligram
rifampicine/isoniazide dragee	stuk
rifaximine	milligram
rilpivirine	milligram
rilpivirine/dolutegravir tablet	stuk
riluzol	milligram
rimegepant	milligram
riociguat	milligram
risankizumab	milligram
risedroninezuur	milligram
risperidon	milligram
ritodrine	milligram
ritonavir	milligram
ritonavir/lopinavir capsule, zacht	stuk
ritonavir/lopinavir drank	milliliter
ritonavir/lopinavir tablet	stuk
ritonavir/paritaprevir/ombitasvir tablet	stuk
rituximab	milligram
rivaroxaban	milligram
rivastigmine	milligram
rizatriptan	milligram
rocuronium	milligram
roflumilast	microgram
romiplostim	microgram
romosozumab	milligram
ropeginterferon alfa 2b	microgram
ropinirol	milligram
ropivacaine	milligram
rosuvastatine	milligram
rosuvastatine/ezetimib capsule	stuk
rotavirusvaccin	cell culture infective dose 50% (ccid50)
rotigotine	milligram
roxadustat	milligram
rubellavaccin/bofvaccin/mazelenvaccin poeder voor injectievloeistof	stuk
rucaparib	milligram
rufinamide	milligram
rupatadine	milligram
rurioctocog alfa pegol	internationale eenheid
ruxolitinib	milligram
saccharose	milligram
sacubitril/valsartan tablet	stuk
safinamide	milligram
salbutamol	milligram
salicylzuur	milligram
salicylzuur/aluminiumkaliumsulfaat strooipoeder	gram
salicylzuur/ditranol collodion	gram
salicylzuur/heparinoiden creme	gram
salicylzuur/koolteer preparaat zalf	gram
salicylzuur/melkzuur collodion	gram
salicylzuur/resorcinol creme	gram
salicylzuur/resorcinol oplossing voor cutaan gebruik	gram
salicylzuur/rheum vloeistof voor oromucosaal gebruik	milliliter
salmeterol	microgram
salmeterol/fluticason aerosol	dosis
salmeterol/fluticason inhalatiepoeder	dosis
samarium sm-153 lexidronam	megabecquerel
sapropterine	milligram
saquinavir	milligram
sarilumab	milligram
satralizumab	milligram
saxagliptine	milligram
schildklierpoeder	milligram
scopolamine	milligram
scopolaminebutyl	milligram
sebelipase alfa	milligram
secobarbital	milligram
secukinumab	milligram
seleensulfide	milligram
selegiline	milligram
selenium se-75 tauroselcholinezuur	kilobecquerel
selexipag	microgram
selpercatinib	milligram
semaglutide	milligram
sennosiden a+b	milligram
serine	milligram
sertindol	milligram
sertraline	milligram
sevelameer	milligram
sildenafil	milligram
silodosine	milligram
siltuximab	milligram
simoctocog alfa	internationale eenheid
simvastatine	milligram
simvastatine/ezetimib tablet	stuk
siponimod	milligram
sirolimus	milligram
sitagliptine	milligram
sitagliptine/ertugliflozine tablet	stuk
sofosbuvir	milligram
sofosbuvir/ledipasvir tablet	stuk
sofosbuvir/velpatasvir tablet	stuk
sofosbuvir/velpatasvir/voxilaprevir tablet	stuk
sojaolie, gezuiverd	milligram
sojaolie, gezuiverd/middellangeketentriglyceriden/olijfolie, gezuiverd/omega-3-olie, gezuiverd emulsie voor infusie	milliliter
sojaolie, gezuiverd/middellangeketentriglyceriden/omega-3-olie, gezuiverd emulsie voor infusie	milliliter
sojaolie, gezuiverd/olijfolie, gezuiverd emulsie voor infusie	milliliter
solifenacine	milligram
somatoreline	microgram
somatostatine	microgram
somatropine	internationale eenheid
sonidegib	milligram
sorafenib	milligram
sorbitol	milligram
sorbitol/docusinezuur klysma	milliliter
sorbitol/natriumlaurylsulfoacetaat klysma	milliliter
sorbitol/was/decyloleaat creme	gram
sotalol	milligram
sotorasib	milligram
sotrovimab	milligram
spironolacton	milligram
sterculiagom	milligram
stiripentol	milligram
sucralfaat	gram
sufentanil	microgram
sufentanil/bupivacaine infusievloeistof	milliliter
sufentanil/levobupivacaine infusievloeistof	milliliter
sufentanil/ropivacaine infusievloeistof	milliliter
sufentanil/ropivacaine injectievloeistof	milliliter
sugammadex	milligram
sulconazol	milligram
sulfadiazine	milligram
sulfasalazine	milligram
sulpiride	milligram
sulproston	milligram
sultiam	milligram
sumatriptan	milligram
sunitinib	milligram
susoctocog alfa	eenheid
suxamethonium	milligram
tacrolimus	milligram
tadalafil	milligram
tafamidis	milligram
tafluprost	microgram
talazoparib	milligram
talimogeen laherparepvec	miljoen plaque forming units
talk	milligram
talk/zinkoxide strooipoeder	gram
talk/zinkoxide suspensie voor cutaan gebruik	gram
talk/zinkoxide/ethanol, gedenatureerd suspensie voor cutaan gebruik	gram
tamoxifen	milligram
tamsulosine	milligram
tamsulosine/dutasteride capsule	stuk
tamsulosine/solifenacine tablet met gereguleerde afgifte	stuk
tapentadol	milligram
tasonermine	milligram
taurine	milligram
tauro-ursodeoxycholzuur	milligram
taurolidine	milligram
tazobactam/ceftolozaan poeder voor oplossing voor infusie	stuk
tegafur/oteracil/gimeracil capsule	stuk
teicoplanine	milligram
tekenencefalitisvaccin	microgram
telmisartan	milligram
telotristat ethyl	milligram
temazepam	milligram
temoporfine	milligram
temozolomide	milligram
temsirolimus	milligram
tenecteplase	milligram
teniposide	milligram
tenofovir alafenamide	milligram
tenofovir disoproxil	milligram
tenofovir disoproxil/emtricitabine tablet	stuk
tenofovir disoproxil/emtricitabine/cobicistat/elvitegravir tablet	stuk
tenofovir disoproxil/emtricitabine/rilpivirine tablet	stuk
tepotinib	milligram
terazosine	milligram
terbinafine	milligram
terbutaline	milligram
teriflunomide	milligram
teriparatide	microgram
terlipressine	milligram
testosteron	milligram
tetanusimmunoglobuline	internationale eenheid
tetanusvaccin	internationale eenheid
tetrabenazine	milligram
tetracaine	milligram
tetracaine/lidocaine creme	gram
tetracaine/xylometazoline neusdruppels	milliliter
tetracaine/xylometazoline neusspray	milliliter
tetracosactide	milligram
tetracycline	milligram
tetracycline/zinkoxide pasta voor cutaan gebruik	gram
thalidomide	milligram
theofylline	milligram
thiamazol	milligram
thiamine	milligram
thiopental	milligram
thiopental/lidocaine infusievloeistof	milliliter
thiopental/lidocaine injectievloeistof	milliliter
thiotepa	milligram
thymocytenimmunoglobuline	milligram
thyrotropine alfa	milligram
tiaprofeenzuur	milligram
tibolon	milligram
ticagrelor	milligram
tigecycline	milligram
tijm/althaea drank	milliliter
tildrakizumab	milligram
tilmanocept	microgram
timolol	milligram
timolol/bimatoprost oogdruppels	milliliter
timolol/brimonidine oogdruppels	milliliter
timolol/brinzolamide oogdruppels	milliliter
timolol/dorzolamide oogdruppels	milliliter
timolol/latanoprost oogdruppels	milliliter
timolol/tafluprost oogdruppels	milliliter
timolol/travoprost oogdruppels	milliliter
tin(ii)chloride	milligram
tinzaparine	internationale eenheid
tioguanine	milligram
tiopronine	milligram
tiotropium	microgram
tiotropium/olodaterol vernevelvloeistof	dosis
tirbanibuline	milligram
tirofiban	milligram
tivozanib	microgram
tixagevimab	milligram
tixagevimab/cilgavimab injectievloeistof	milliliter
tizanidine	milligram
tobramycine	milligram
tobramycine/colistine drank	milliliter
tobramycine/colistine suspensie voor oraal gebruik	milliliter
tobramycine/colistine/amfotericine b pasta voor oromucosaal gebruik	gram
tobramycine/colistine/amfotericine b suspensie voor oraal gebruik	milliliter
tobramycine/colistine/amfotericine b zetpil	stuk
tobramycine/colistine/nystatine pasta voor oromucosaal gebruik	gram
tobramycine/colistine/nystatine suspensie voor oraal gebruik	milliliter
tocilizumab	milligram
tocoferol, dl-alfa-	internationale eenheid
tocofersolan	milligram
tofacitinib	milligram
tolbutamide	milligram
tolcapon	milligram
tolperison	milligram
tolterodine	milligram
tolvaptan	milligram
topiramaat	milligram
topotecan	milligram
trabectedine	milligram
tralokinumab	milligram
tramadol	milligram
tramazoline	milligram
trametinib	milligram
tranexaminezuur	milligram
tranylcypromine	milligram
trastuzumab	milligram
trastuzumab emtansine	milligram
trastuzumab/pertuzumab injectievloeistof	milliliter
travoprost	microgram
trazodon	milligram
treosulfan	milligram
treprostinil	milligram
tretinoine	milligram
tretinoine/hydrochinon creme	gram
triamcinolonacetonide	milligram
triamcinolonacetonide/azelainezuur creme	gram
triamcinolonacetonide/clindamycine creme	gram
triamcinolonacetonide/clindamycine oplossing voor cutaan gebruik	milliliter
triamcinolonacetonide/clindamycine zalf	gram
triamcinolonacetonide/fusidinezuur creme	gram
triamcinolonacetonide/fusidinezuur zalf	gram
triamcinolonacetonide/fusidinezuur/miconazol creme	gram
triamcinolonacetonide/ketoconazol creme	gram
triamcinolonacetonide/ketoconazol/clindamycine creme	gram
triamcinolonacetonide/koolteer preparaat creme	gram
triamcinolonacetonide/levomenthol creme	gram
triamcinolonacetonide/lidocaine creme	gram
triamcinolonacetonide/lidocaine zalf voor rectaal gebruik	gram
triamcinolonacetonide/lidocaine zetpil	stuk
triamcinolonacetonide/miconazol creme	gram
triamcinolonacetonide/salicylzuur creme	gram
triamcinolonacetonide/salicylzuur emulsie voor cutaan gebruik	gram
triamcinolonacetonide/salicylzuur oordruppels	milliliter
triamcinolonacetonide/salicylzuur oplossing voor cutaan gebruik	milliliter
triamcinolonacetonide/salicylzuur zalf	gram
triamcinolonacetonide/salicylzuur/koolteer preparaat zalf	gram
triamcinolonacetonide/tetracycline creme	gram
triamcinolonacetonide/tetracycline zalf	gram
triamcinolonacetonide/tretinoine/hydrochinon creme	gram
triamcinolonacetonide/ureum creme	gram
triamcinolonacetonide/zinkoxide/ketoconazol creme	gram
triamcinolonacetonide/zinksulfaat creme voor rectaal gebruik	gram
triamcinolonacetonide/zwavel creme	gram
triamcinolonhexacetonide	milligram
triamtereen	milligram
triamtereen/epitizide capsule	stuk
trichloorazijnzuur	milligram
trientine	milligram
trifaroteen	microgram
trifluridine/tipiracil tablet	stuk
trihexyfenidyl	milligram
trimethoprim	milligram
trimethoprim/sulfamethoxazol concentraat voor oplossing voor infusie	milliliter
trimethoprim/sulfamethoxazol suspensie voor oraal gebruik	milliliter
trimethoprim/sulfamethoxazol tablet	stuk
trimethoprim/sulfametrol infusievloeistof	milliliter
trioxysaleen	milligram
tripelennamine	milligram
triptoreline	milligram
trombine	internationale eenheid
trombine/calciumchloride weefsellijm	milliliter
trometamol	milligram
tropicamide	milligram
tropicamide/fenylefrine oogdruppels	milliliter
tropicamide/fenylefrine ooginsert	stuk
tropicamide/fenylefrine/lidocaine injectievloeistof	milliliter
tuberculine	tuberculine eenheid
tucatinib	milligram
turoctocog alfa	internationale eenheid
turoctocog alfa pegol	internationale eenheid
ulipristal	milligram
umeclidinium	microgram
upadacitinib	milligram
urapidil	milligram
ureum	milligram
ureum c 13	milligram
ureum/lauromacrogol 600 creme	gram
ureum/melkzuur creme	gram
urofollitropine	internationale eenheid
urokinase	internationale eenheid
ursodeoxycholzuur	milligram
ustekinumab	milligram
valaciclovir	milligram
valeriaan	milligram
valganciclovir	milligram
valproinezuur	milligram
valsartan	milligram
vancomycine	milligram
vandetanib	milligram
vardenafil	milligram
varenicline	milligram
varicellazosterimmunoglobuline	internationale eenheid
varicellazostervaccin	milligram
vaseline	milligram
vaseline/eucerine/water zalf	gram
vaseline/hypromellose pasta voor oromucosaal gebruik	gram
vaseline/paraffine creme	gram
vaseline/paraffine zalf	gram
vedolizumab	milligram
velaglucerase alfa	eenheid
vemurafenib	milligram
venetoclax	milligram
venlafaxine	milligram
verapamil	milligram
verapamil/trandolapril capsule met gereguleerde afgifte	stuk
vernakalant	milligram
verteporfine	milligram
vetzuurethylesters, gejodeerd	milligram
vigabatrine	milligram
vilanterol/umeclidinium inhalatiepoeder	dosis
vildagliptine	milligram
vinblastine	milligram
vincristine	milligram
vindesine	milligram
vinflunine	milligram
vinorelbine	milligram
vismodegib	milligram
volanesorsen	milligram
von willebrandfactor	internationale eenheid
vonicog alfa	internationale eenheid
voretigeen neparvovec	teravectorgenomen
voriconazol	milligram
vortioxetine	milligram
warfarine	milligram
was/isopropylmyristaat/vaseline/paraffine zalf	gram
was/vaseline/paraffine zalf	gram
waterstofperoxide	milligram
wolvet/cetostearylalcohol/vaseline/paraffine oogzalf	gram
wolvet/vaseline/paraffine oogzalf	gram
wolvet/was/vaseline/glycerylmono-oleaat creme	gram
xylometazoline	milligram
xylometazoline/lidocaine neusspray	milliliter
xylometazoline/lidocaine oplossing	milliliter
yttrium y-90 chloride	gigabecquerel
yttrium y-90 citraatcolloide	megabecquerel
zaagbladpalm	milligram
zaagbladpalm/pompoen capsule	stuk
zanamivir	milligram
ziconotide	milligram
zidovudine	milligram
zidovudine/lamivudine omhulde tablet	stuk
zidovudine/lamivudine/abacavir tablet	stuk
zilvernitraat	milligram
zilversulfadiazine	milligram
zilversulfadiazine/cerium(iii)nitraat creme	gram
zinkacetaat	milligram
zinkchloride/aluminiumkaliumsulfaat gorgeldrank	milliliter
zinkoxide	milligram
zinkoxide/calciumhydroxide pasta voor cutaan gebruik	gram
zinkoxide/houtteer zalf	gram
zinkoxide/ketoconazol creme	gram
zinkoxide/koolteer preparaat pasta voor cutaan gebruik	gram
zinkoxide/koolteer preparaat zalf	gram
zinkoxide/koolteer preparaat/zwavel zalf	gram
zinkoxide/levomenthol suspensie voor cutaan gebruik	milliliter
zinkoxide/miconazol pasta voor cutaan gebruik	gram
zinkoxide/pramocaine creme	gram
zinkoxide/zwavel pasta voor cutaan gebruik	gram
zinksulfaat	milligram
zofenopril	milligram
zoledroninezuur	milligram
zolmitriptan	milligram
zolpidem	milligram
zonisamide	milligram
zopiclon	milligram
zoutzuur	milligram
zuclopentixol	milligram
zuurstof	milliliter
zwavelhexafluoride	microliter