AARDBEI/WIJNSTOK	KAUWTABLET
ACETYLSALICYLZUUR/ASCORBINEZUUR	BRUISTABLET
ACETYLSALICYLZUUR/CLOPIDOGREL	TABLET
ACETYLSALICYLZUUR/METOCLOPRAMIDE	POEDER VOOR ORAAL GEBRUIK
ACETYLSALICYLZUUR/PARACETAMOL/COFFEINE	TABLET
ADRENALINE/ARTICAINE	INJECTIEVLOEISTOF
ADRENALINE/BUPIVACAINE	INJECTIEVLOEISTOF
ADRENALINE/LIDOCAINE	INJECTIEVLOEISTOF
ADRENALINE/ROPIVACAINE	INJECTIEVLOEISTOF
ALTHAEA/TIJM	PASTILLE
AMLODIPINE/OLMESARTAN	TABLET
AMLODIPINE/PERINDOPRIL	TABLET
AMLODIPINE/VALSARTAN	TABLET
AMMONIUMCHLORIDE/AMMONIAK/ANIJS/ZOETHOUT	DRANK
AMOXICILLINE/CLARITROMYCINE/PANTOPRAZOL	MAAGSAPRESISTENTE TABLET + TABLET
AMOXICILLINE/CLAVULAANZUUR	POEDER VOOR INJECTIEVLOEISTOF
AMOXICILLINE/CLAVULAANZUUR	POEDER VOOR OPLOSSING VOOR INFUSIE
AMOXICILLINE/CLAVULAANZUUR	SUSPENSIE VOOR ORAAL GEBRUIK
AMOXICILLINE/CLAVULAANZUUR	TABLET
AMYLASE/LIPASE/PROTEASE	CAPSULE
AMYLASE/LIPASE/PROTEASE	MAAGSAPRESISTENT GRANULAAT
AMYLASE/LIPASE/PROTEASE	MAAGSAPRESISTENTE CAPSULE
AMYLASE/LIPASE/PROTEASE	POEDER VOOR KLYSMA
AMYLMETACRESOL/DICHLOORBENZYLALCOHOL	ZUIGTABLET
AMYLMETACRESOL/DICHLOORBENZYLALCOHOL/LIDOCAINE	ZUIGTABLET
ARGININE/LYSINE	INFUSIEVLOEISTOF
ARTEMETHER/LUMEFANTRINE	TABLET
ARTENIMOL/PIPERAQUINE	TABLET
ASCORBINEZUUR/CYANOCOBALAMINE/FOLIUMZUUR/BIOTINE/NICOTINAMIDE/PYRIDOXINE/THIAMINE/PANTOTHEENZUUR/RIBOFLAVINE	POEDER VOOR OPLOSSING VOOR INFUSIE
ASCORBINEZUUR/CYANOCOBALAMINE/FOLIUMZUUR/DEXPANTHENOL/RETINOL/BIOTINE/NICOTINAMIDE/PYRIDOXINE/COLECALCIFEROL/TOCOFEROL, DL-ALFA-/RIBOFLAVINE/COCARBOXYLASE	POEDER VOOR INJECTIEVLOEISTOF
ASCORBINEZUUR/CYANOCOBALAMINE/FOLIUMZUUR/RETINOL/BIOTINE/NICOTINAMIDE/RIBOFLAVINE/COLECALCIFEROL/TOCOFEROL, DL-ALFA-/THIAMINE/PANTOTHEENZUUR/PYRIDOXINE	TABLET
ASCORBINEZUUR/CYANOCOBALAMINE/FOLIUMZUUR/RETINOL/NICOTINAMIDE/RIBOFLAVINE/COLECALCIFEROL/TOCOFEROL, DL-ALFA-/THIAMINE/PANTOTHEENZUUR/PYRIDOXINE	CAPSULE
ASCORBINEZUUR/DEXPANTHENOL	CONCENTRAAT VOOR OPLOSSING VOOR INFUSIE
ASCORBINEZUUR/FOLIUMZUUR/NICOTINAMIDE/RIBOFLAVINE/COLECALCIFEROL/THIAMINE/PANTOTHEENZUUR/PYRIDOXINE	CAPSULE
ASCORBINEZUUR/FOLIUMZUUR/NICOTINAMIDE/RIBOFLAVINE/THIAMINE/PANTOTHEENZUUR/PYRIDOXINE	CAPSULE
ASCORBINEZUUR/KALIUMCHLORIDE/NATRIUMCHLORIDE/MACROGOL	POEDER VOOR DRANK
ASCORBINEZUUR/KALIUMCHLORIDE/NATRIUMCHLORIDE/NATRIUMSULFAAT/MACROGOL	POEDER VOOR DRANK
ATENOLOL/CHLOORTALIDON	TABLET
ATROPINE/MIDAZOLAM	KLYSMA
AZIJNZUUR/CALCIUMCHLORIDE/NATRIUMCHLORIDE/GLYCINE/ZINKCHLORIDE/ZOUTZUUR/GLYCEROFOSFORZUUR/ALANINE/FENYLALANINE/ISOLEUCINE/KALIUMHYDROXIDE/LEUCINE/LYSINE/MAGNESIUMCHLORIDE/METHIONINE/PROLINE/SERINE/TAURINE/THREONINE/TRYPTOFAAN/TYROSINE/VALINE/GLUCOSE/ARGININE/HISTIDINE	INFUSIEVLOEISTOF
AZIJNZUUR/GLYCINE/ALANINE/FENYLALANINE/ISOLEUCINE/LEUCINE/METHIONINE/PROLINE/SERINE/TAURINE/THREONINE/TRYPTOFAAN/TYROSINE/VALINE/GLUCOSE/ARGININE/HISTIDINE/LYSINE	INFUSIEVLOEISTOF
AZIJNZUUR/HYDROCORTISON	OORDRUPPELS
AZIJNZUUR/TRIAMCINOLONACETONIDE	OORDRUPPELS
BARIUMSULFAAT/METHYLMETHACRYLAATSTYREENCOPOLYMEER/METHACRYLZUURCOPOLYMEREN	POEDER VOOR CEMENT
BECLOMETASON/FORMOTEROL	AEROSOL
BECLOMETASON/FORMOTEROL	INHALATIEPOEDER
BECLOMETASON/GLYCOPYRRONIUM/FORMOTEROL	AEROSOL
BECLOMETASON/GLYCOPYRRONIUM/FORMOTEROL	INHALATIEPOEDER
BECLOMETASON/MESALAZINE	KLYSMA
BECLOMETASON/MESALAZINE	ZETPIL
BECLOMETASON/MESALAZINE/OPIUM	KLYSMA
BENZOCAINE/TETRACAINE/FORMALDEHYDE/METHYLPARAHYDROXYBENZOAAT/BUTYLPARAHYDROXYBENZOAAT/BENZYLPARAHYDROXYBENZOAAT/ETHYLPARAHYDROXYBENZOAAT/PROPYLPARAHYDROXYBENZOAAT/THIRAM/NEOMYCINE/CHLOORQUINALDOL/CLIOQUINOL/KOBALT(II)CHLORIDE/PERUBALSEM/DISULFIRAM/EUGENOL/COLOFONIUM/CINCHOCAINE/THIOMERSAL/WOLVETALCOHOLEN/ETHYLEENDIAMINE/NIKKEL(II)SULFAAT/CHLOORALLYLHEXAMINIUM/CINNAMALDEHYDE/EPOXYHARS/PARATERTIAIRBUTYLFENOLFORMALDEHYDEHARS/CARBAMATENMIX/EIKENMOS/MERCAPTOMIX/AMYLCINNAMALDEHYDE, ALFA-/CINNAMYLALCOHOL/HYDROXYCITRONELLAL/ISOEUGENOL/GERANIOL/METHYLISOTHIAZOLINON/METHYLCHLOORISOTHIAZOLINON/MERCAPTOBENZOTHIAZOOL/ISOPROPYLFENYLPARAFENYLEENDIAMINE/CYCLOHEXYLFENYLPARAFENYLEENDIAMINE/DIFENYLPARAFENYLEENDIAMINE/PARAFENYLEENDIAMINE/TETRAMETHYLTHIURAMMONOSULFIDE/DIPENTAMETHYLEENTHIURAMDISULFIDE/KALIUMDICHROMAAT(VI)	PLEISTER
BENZOCAINE/TETRACAINE/NATRIUMTHIOSULFAAT/FORMALDEHYDE/METHYLPARAHYDROXYBENZOAAT/BUTYLPARAHYDROXYBENZOAAT/BENZYLPARAHYDROXYBENZOAAT/ETHYLPARAHYDROXYBENZOAAT/PROPYLPARAHYDROXYBENZOAAT/THIRAM/HYDROCORTISON/NEOMYCINE/BACITRACINE/CHLOORQUINALDOL/CLIOQUINOL/KOBALT(II)CHLORIDE/PERUBALSEM/DISULFIRAM/EUGENOL/COLOFONIUM/CINCHOCAINE/THIOMERSAL/WOLVETALCOHOLEN/BUDESONIDE/ETHYLEENDIAMINE/NIKKEL(II)SULFAAT/BRONOPOL/TIXOCORTOL/IMIDUREUM/CHLOORALLYLHEXAMINIUM/CINNAMALDEHYDE/EPOXYHARS/PARATERTIAIRBUTYLFENOLFORMALDEHYDEHARS/CARBAMATENMIX/EIKENMOS/MERCAPTOMIX/AMYLCINNAMALDEHYDE, ALFA-/CINNAMYLALCOHOL/HYDROXYCITRONELLAL/ISOEUGENOL/GERANIOL/METHYLISOTHIAZOLINON/METHYLCHLOORISOTHIAZOLINON/MERCAPTOBENZOTHIAZOOL/ISOPROPYLFENYLPARAFENYLEENDIAMINE/CYCLOHEXYLFENYLPARAFENYLEENDIAMINE/DIFENYLPARAFENYLEENDIAMINE/PARAFENYLEENDIAMINE/TETRAMETHYLTHIURAMMONOSULFIDE/DIPENTAMETHYLEENTHIURAMDISULFIDE/KALIUMDICHROMAAT(VI)/DIAZOLIDINYLUREUM	PLEISTER
BENZOEZUUR/SALICYLZUUR	CREME
BENZOEZUUR/SALICYLZUUR	ZALF
BENZOYLPEROXIDE/ADAPALEEN	GEL
BENZOYLPEROXIDE/CLINDAMYCINE	GEL
BENZOYLPEROXIDE/MICONAZOL	CREME
BENZOYLPEROXIDE/ZIRKONIUMDIOXIDE/CHLOROFYL/METHYLMETHACRYLAATMETHYLACRYLAATCOPOLYMEER	POEDER VOOR CEMENT
BENZOYLPEROXIDE/ZIRKONIUMDIOXIDE/METHYLMETHACRYLAATMETHYLACRYLAATCOPOLYMEER	POEDER VOOR CEMENT
BENZOYLPEROXIDE/ZIRKONIUMDIOXIDE/METHYLMETHACRYLAATMETHYLACRYLAATCOPOLYMEER/METHYLMETHACRYLAAT/DIMETHYLPARATOLUIDINE	POEDER VOOR CEMENT
BETAMETHASON/CALCIPOTRIOL	CREME
BETAMETHASON/CALCIPOTRIOL	GEL
BETAMETHASON/CALCIPOTRIOL	SCHUIM VOOR CUTAAN GEBRUIK
BETAMETHASON/CALCIPOTRIOL	ZALF
BETAMETHASON/FUSIDINEZUUR	CREME
BETAMETHASON/FUSIDINEZUUR	ZALF
BETAMETHASON/HYDROCHINON	CREME
BETAMETHASON/SALICYLZUUR	CREME
BETAMETHASON/SALICYLZUUR	ZALF
BISOPROLOL/PERINDOPRIL	TABLET
BRIMONIDINE/BRINZOLAMIDE	OOGDRUPPELS, SUSPENSIE
BUDESONIDE/FORMOTEROL	AEROSOL
BUDESONIDE/FORMOTEROL	INHALATIEPOEDER
BUDESONIDE/SALMETEROL	INHALATIEPOEDER
BUPIVACAINE/GLUCOSE	INJECTIEVLOEISTOF
BUPRENORFINE/NALOXON	TABLET VOOR SUBLINGUAAL GEBRUIK
CALAMINE/ZINKOXIDE	SUSPENSIE VOOR CUTAAN GEBRUIK
CALCIUMCARBONAAT/ALGINEZUUR/MAGNESIUMSUBCARBONAAT	KAUWTABLET
CALCIUMCARBONAAT/COLECALCIFEROL	BRUISGRANULAAT
CALCIUMCARBONAAT/COLECALCIFEROL	KAUWTABLET
CALCIUMCARBONAAT/COLECALCIFEROL	TABLET
CALCIUMCARBONAAT/COLECALCIFEROL/ALENDRONINEZUUR	TABLET + BRUISGRANULAAT
CALCIUMCARBONAAT/COLECALCIFEROL/ALENDRONINEZUUR	TABLET + KAUWTABLET
CALCIUMCARBONAAT/DIMETICON/MAGNESIUMSUBCARBONAAT	KAUWTABLET
CALCIUMCARBONAAT/MAGNESIUMSUBCARBONAAT	KAUWTABLET
CALCIUMCARBONAAT/NATRIUMWATERSTOFCARBONAAT/ALGINEZUUR	KAUWTABLET
CALCIUMCARBONAAT/NATRIUMWATERSTOFCARBONAAT/ALGINEZUUR	SUSPENSIE VOOR ORAAL GEBRUIK
CALCIUMCARBONAAT/RISEDRONINEZUUR	TABLET
CALCIUMCHLORIDE/GLUTAMINEZUUR/GLYCINE/ALANINE/ASPARTINEZUUR/FENYLALANINE/HISTIDINE/ISOLEUCINE/LEUCINE/LYSINE/METHIONINE/NATRIUMACETAAT/PROLINE/SERINE/THREONINE/TRYPTOFAAN/VALINE/GLUCOSE/MAGNESIUMACETAAT/ARGININE/KALIUMDIWATERSTOFFOSFAAT	INFUSIEVLOEISTOF
CALCIUMCHLORIDE/GLUTAMINEZUUR/KALIUMCHLORIDE/GLYCINE/GLYCEROFOSFORZUUR/ALANINE/ASPARTINEZUUR/FENYLALANINE/ISOLEUCINE/LEUCINE/MAGNESIUMCHLORIDE/METHIONINE/NATRIUMACETAAT/PROLINE/SERINE/THREONINE/TRYPTOFAAN/TYROSINE/VALINE/SOJAOLIE, GEZUIVERD/ARGININE/HISTIDINE/LYSINE/GLUCOSE/OLIJFOLIE, GEZUIVERD	EMULSIE VOOR INFUSIE
CALCIUMCHLORIDE/KALIUMCHLORIDE/NATRIUMCHLORIDE	INFUSIEVLOEISTOF
CALCIUMCHLORIDE/KALIUMCHLORIDE/NATRIUMCHLORIDE	SPOELING
CALCIUMCHLORIDE/KALIUMCHLORIDE/NATRIUMCHLORIDE/MAGNESIUMCHLORIDE/NATRIUMACETAAT/APPELZUUR, L-	INFUSIEVLOEISTOF
CALCIUMCHLORIDE/KALIUMCHLORIDE/NATRIUMCHLORIDE/MAGNESIUMCHLORIDE/NATRIUMACETAAT/GLUCOSE	INFUSIEVLOEISTOF
CALCIUMCHLORIDE/KALIUMCHLORIDE/NATRIUMCHLORIDE/NATRIUMLACTAAT	INFUSIEVLOEISTOF
CALCIUMCHLORIDE/KALIUMCHLORIDE/NATRIUMCHLORIDE/NATRIUMLACTAAT	SPOELING
CALCIUMCHLORIDE/KALIUMCHLORIDE/NATRIUMCHLORIDE/NATRIUMLACTAAT/MAGNESIUMCHLORIDE/GLUCOSE	OPLOSSING VOOR HEMODIALYSE
CALCIUMCHLORIDE/KALIUMCHLORIDE/NATRIUMCHLORIDE/NATRIUMLACTAAT/MAGNESIUMCHLORIDE/GLUCOSE	OPLOSSING VOOR HEMOFILTRATIE
CALCIUMCHLORIDE/KALIUMCHLORIDE/NATRIUMCHLORIDE/NATRIUMWATERSTOFCARBONAAT/MAGNESIUMCHLORIDE/GLUCOSE	OPLOSSING VOOR HEMOFILTRATIE
CALCIUMCHLORIDE/KALIUMCHLORIDE/NATRIUMCHLORIDE/NATRIUMWATERSTOFCARBONAAT/MAGNESIUMCHLORIDE/GLUCOSE	OPLOSSING VOOR HEMOFILTRATIE/HEMODIALYSE
CALCIUMCHLORIDE/KALIUMCHLORIDE/NATRIUMCHLORIDE/NATRIUMWATERSTOFCARBONAAT/MELKZUUR/MAGNESIUMCHLORIDE/GLUCOSE	OPLOSSING VOOR HEMOFILTRATIE
CALCIUMCHLORIDE/KALIUMCHLORIDE/NATRIUMCHLORIDE/NATRIUMWATERSTOFCARBONAAT/MELKZUUR/MAGNESIUMCHLORIDE/GLUCOSE	OPLOSSING VOOR HEMOFILTRATIE/HEMODIALYSE
CALCIUMCHLORIDE/MAGNESIUMCHLORIDE	CONCENTRAAT VOOR OPLOSSING VOOR INFUSIE
CALCIUMCHLORIDE/MAGNESIUMCHLORIDE	INFUSIEVLOEISTOF
CALCIUMCHLORIDE/MANNITOL/KALIUMCHLORIDE/NATRIUMCHLORIDE/HISTIDINE/MAGNESIUMCHLORIDE/TRYPTOFAAN/OXOGLUTAARZUUR, 2-	INFUSIEVLOEISTOF
CALCIUMCHLORIDE/NATRIUMCHLORIDE/GLYCINE/ALANINE/FENYLALANINE/ISOLEUCINE/DIKALIUMWATERSTOFFOSFAAT/LEUCINE/LYSINE/MAGNESIUMCHLORIDE/METHIONINE/NATRIUMACETAAT/PROLINE/SERINE/THREONINE/TRYPTOFAAN/TYROSINE/VALINE/GLUCOSE/ARGININE/HISTIDINE	INFUSIEVLOEISTOF
CALCIUMCHLORIDE/NATRIUMCHLORIDE/GLYCINE/NATRIUMLACTAAT/ALANINE/FENYLALANINE/ISOLEUCINE/LEUCINE/LYSINE/MAGNESIUMCHLORIDE/METHIONINE/PROLINE/SERINE/THREONINE/TRYPTOFAAN/TYROSINE/VALINE/ARGININE/HISTIDINE	OPLOSSING VOOR PERITONEALE DIALYSE
CALCIUMCHLORIDE/NATRIUMCHLORIDE/NATRIUMLACTAAT/MAGNESIUMCHLORIDE/GLUCOSE	OPLOSSING VOOR PERITONEALE DIALYSE
CALCIUMCHLORIDE/NATRIUMCHLORIDE/NATRIUMLACTAAT/MAGNESIUMCHLORIDE/ICODEXTRINE	OPLOSSING VOOR PERITONEALE DIALYSE
CALCIUMCHLORIDE/NATRIUMCHLORIDE/NATRIUMWATERSTOFCARBONAAT/MAGNESIUMCHLORIDE/GLUCOSE	OPLOSSING VOOR HEMOFILTRATIE/HEMODIALYSE
CALCIUMCHLORIDE/NATRIUMCHLORIDE/NATRIUMWATERSTOFCARBONAAT/MAGNESIUMCHLORIDE/GLUCOSE	OPLOSSING VOOR PERITONEALE DIALYSE
CALCIUMCHLORIDE/NATRIUMCHLORIDE/NATRIUMWATERSTOFCARBONAAT/MELKZUUR/MAGNESIUMCHLORIDE	OPLOSSING VOOR HEMOFILTRATIE/HEMODIALYSE
CALCIUMCHLORIDE/NATRIUMCHLORIDE/NATRIUMWATERSTOFCARBONAAT/NATRIUMLACTAAT/MAGNESIUMCHLORIDE/GLUCOSE	OPLOSSING VOOR PERITONEALE DIALYSE
CALCIUMFOSFAAT/COLECALCIFEROL	POEDER VOOR ORALE SUSPENSIE
CALCIUMGLUCONAAT/CALCIUMSACCHARAAT	INJECTIEVLOEISTOF
CALCIUMGLUCONAAT/GLUCOSE	CONCENTRAAT VOOR OPLOSSING VOOR INFUSIE
CALCIUMGLUCONAAT/GLUCOSE	INFUSIEVLOEISTOF
CALCIUMGLUCONAAT/KALIUMCHLORIDE/MAGNESIUMCHLORIDE/GLUCOSE	INFUSIEVLOEISTOF
CALCIUMGLUCONAAT/KALIUMCHLORIDE/NATRIUMCHLORIDE/MAGNESIUMCHLORIDE/GLUCOSE	INFUSIEVLOEISTOF
CALCIUMMONOWATERSTOFFOSFAAT/LACTOSE/MAGNESIUMSTEARAAT/CELLULOSE, MICROKRISTALLIJN/ZETMEEL	TABLET
CASIRIVIMAB/IMDEVIMAB	INJECTIE/INFUSIEOPLOSSING
CEFTAZIDIM/AVIBACTAM	POEDER VOOR OPLOSSING VOOR INFUSIE
CETOSTEARYLALCOHOL/VASELINE/PARAFFINE	OOGZALF
CETRIMIDE/CHLOORHEXIDINE	CONCENTRAAT VOOR OPLOSSING
CETRIMIDE/CHLOORHEXIDINE	OPLOSSING VOOR CUTAAN GEBRUIK
CETRIMIDE/LIDOCAINE	OPLOSSING VOOR CUTAAN GEBRUIK
CHLOORHEXIDINE/LIDOCAINE	GEL
CHLOORHEXIDINE/LIDOCAINE	ZALF
CHLOORHEXIDINE/NATRIUMFLUORIDE	MONDSPOELING
CHLOROFORM/ETHANOL/AZIJNZUUR/FERRICHLORIDE	OPLOSSING
CILASTATINE/IMIPENEM	POEDER VOOR OPLOSSING VOOR INFUSIE
CILASTATINE/IMIPENEM/RELEBACTAM	POEDER VOOR OPLOSSING VOOR INFUSIE
CINNARIZINE/CHLOORCYCLIZINE	TABLET
CLINDAMYCINE/GENTAMICINE	POEDER VOOR CEMENT
CLINDAMYCINE/TRETINOINE	GEL
CLOBETASOL/ERYTROMYCINE	ZALF
CLOBETASOL/SALICYLZUUR	CREME
CLOBETASOL/SALICYLZUUR	ZALF
CLOTRIMAZOL/ZINKOXIDE	PASTA VOOR CUTAAN GEBRUIK
COCAINE/ADRENALINE	NEUSDRUPPELS
COCAINE/ADRENALINE	OPLOSSING
COCAINE/FENOL/LEVOMENTHOL	OPLOSSING
COLECALCIFEROL/ALENDRONINEZUUR	TABLET
COLECALCIFEROL/MENAQUINON 7	DRUPPELS VOOR ORAAL GEBRUIK
COLISTINE/AMFOTERICINE B/TOBRAMYCINE	PASTA VOOR OROMUCOSAAL GEBRUIK
COLISTINE/AMFOTERICINE B/TOBRAMYCINE	ZETPIL
COLISTINE/ERYTROMYCINE	POEDER VOOR CEMENT
CYANOCOBALAMINE/BIOTINE/NICOTINAMIDE/RIBOFLAVINE/THIAMINE/PANTOTHEENZUUR/PYRIDOXINE	TABLET
CYANOCOBALAMINE/FOLIUMZUUR/NICOTINAMIDE/RIBOFLAVINE/THIAMINE/PANTOTHEENZUUR/PYRIDOXINE	TABLET
CYSTEINE/CALCIUMCHLORIDE/GLUTAMINEZUUR/GLYCINE/GLYCEROFOSFORZUUR/ALANINE/ASPARTINEZUUR/FENYLALANINE/ISOLEUCINE/KALIUMACETAAT/LEUCINE/METHIONINE/PROLINE/SERINE/TAURINE/THREONINE/TRYPTOFAAN/TYROSINE/VALINE/GLUCOSE/SOJAOLIE, GEZUIVERD/ARGININE/HISTIDINE/MAGNESIUMACETAAT/ORNITHINE/LYSINE/OLIJFOLIE, GEZUIVERD	EMULSIE VOOR INFUSIE
CYSTEINE/CALCIUMCHLORIDE/GLUTAMINEZUUR/NATRIUMCHLORIDE/GLYCINE/GLYCEROFOSFORZUUR/ALANINE/ASPARTINEZUUR/FENYLALANINE/ISOLEUCINE/KALIUMACETAAT/LEUCINE/METHIONINE/PROLINE/SERINE/TAURINE/THREONINE/TRYPTOFAAN/TYROSINE/VALINE/GLUCOSE/SOJAOLIE, GEZUIVERD/ARGININE/HISTIDINE/MAGNESIUMACETAAT/ORNITHINE/LYSINE/OLIJFOLIE, GEZUIVERD	EMULSIE VOOR INFUSIE
CYSTEINE/FYTOMENADION/ASCORBINEZUUR/KALIUMJODIDE/CALCIUMCHLORIDE/GLUTAMINEZUUR/GLYCINE/CYANOCOBALAMINE/FOLIUMZUUR/ZINKCHLORIDE/GLYCEROFOSFORZUUR/RETINOL/BIOTINE/NICOTINAMIDE/PYRIDOXINE/ERGOCALCIFEROL/TOCOFEROL, DL-ALFA-/NATRIUMFLUORIDE/ALANINE/ASPARTINEZUUR/FENYLALANINE/ISOLEUCINE/KALIUMACETAAT/KOPER(II)CHLORIDE/LEUCINE/MANGAAN(II)CHLORIDE/METHIONINE/PROLINE/SERINE/TAURINE/THREONINE/TRYPTOFAAN/TYROSINE/VALINE/THIAMINE/GLUCOSE/SOJAOLIE, GEZUIVERD/ARGININE/HISTIDINE/MAGNESIUMACETAAT/PANTOTHEENZUUR/NATRIUMSELENIET/RIBOFLAVINE/ORNITHINE/LYSINE/OLIJFOLIE, GEZUIVERD	EMULSIE VOOR INFUSIE
CYSTEINE/GLUTAMINEZUUR/GLYCINE/ALANINE/ASPARTINEZUUR/FENYLALANINE/ISOLEUCINE/LEUCINE/METHIONINE/PROLINE/SERINE/THREONINE/TRYPTOFAAN/TYROSINE/VALINE/ARGININE/LYSINE/HISTIDINE	INFUSIEVLOEISTOF
CYSTEINE/GLUTAMINEZUUR/GLYCINE/ALANINE/FENYLALANINE/ISOLEUCINE/LEUCINE/METHIONINE/PROLINE/SERINE/TAURINE/THREONINE/TRYPTOFAAN/TYROSINE/VALINE/ASPARAGINE/ARGININE/LYSINE/HISTIDINE	INFUSIEVLOEISTOF
CYTARABINE/DAUNORUBICINE	POEDER VOOR OPLOSSING VOOR INFUSIE
DARUNAVIR/COBICISTAT	TABLET
DESOXIMETASON/SALICYLZUUR	EMULSIE VOOR CUTAAN GEBRUIK
DEXAMETHASON/CHLOORAMFENICOL/POLYMYXINE B	OOGDRUPPELS
DEXAMETHASON/CHLOORAMFENICOL/POLYMYXINE B	OORDRUPPELS
DEXAMETHASON/GENTAMICINE	OOGDRUPPELS
DEXAMETHASON/TOBRAMYCINE	OOGDRUPPELS
DEXAMETHASON/TOBRAMYCINE	OOGZALF
DEXAMETHASON/XYLOMETAZOLINE	NEUSSPRAY
DEXTRAN 70/HYPROMELLOSE	OOGDRUPPELS
DEXTROMETHORFAN/KINIDINE	CAPSULE
DEXTROMETHORFAN/KINIDINE	TABLET
DICLOFENAC/MISOPROSTOL	TABLET MET GEREGULEERDE AFGIFTE
DIFTERIEVACCIN/TETANUSVACCIN/KINKHOESTVACCIN	SUSPENSIE VOOR INJECTIE
DIFTERIEVACCIN/TETANUSVACCIN/POLIOMYELITISVACCIN	SUSPENSIE VOOR INJECTIE
DIFTERIEVACCIN/TETANUSVACCIN/POLIOMYELITISVACCIN/HAEMOPHILUS-INFLUENZAE-B-VACCIN/KINKHOESTVACCIN/HEPATITIS-B-VACCIN	SUSPENSIE VOOR INJECTIE
DIFTERIEVACCIN/TETANUSVACCIN/POLIOMYELITISVACCIN/HEPATITIS-B-VACCIN/HAEMOPHILUS-INFLUENZAE-B-VACCIN/KINKHOESTVACCIN	SUSPENSIE VOOR INJECTIE
DIFTERIEVACCIN/TETANUSVACCIN/POLIOMYELITISVACCIN/KINKHOESTVACCIN	SUSPENSIE VOOR INJECTIE
DIMETHYLSULFOXIDE/KALIUMHYDROXIDE	OPLOSSING VOOR CUTAAN GEBRUIK
DINATRIUMWATERSTOFFOSFAAT/CALCIUMCHLORIDE/KALIUMCHLORIDE/NATRIUMCHLORIDE/NATRIUMWATERSTOFCARBONAAT/MAGNESIUMCHLORIDE	OPLOSSING VOOR HEMOFILTRATIE/HEMODIALYSE
DINATRIUMWATERSTOFFOSFAAT/KALIUMCHLORIDE/NATRIUMCHLORIDE/NATRIUMWATERSTOFCARBONAAT/MAGNESIUMCHLORIDE	OPLOSSING VOOR HEMOFILTRATIE/HEMODIALYSE
DINATRIUMWATERSTOFFOSFAAT/KALIUMDIWATERSTOFFOSFAAT	CONCENTRAAT VOOR OPLOSSING VOOR INFUSIE
DINATRIUMWATERSTOFFOSFAAT/KALIUMDIWATERSTOFFOSFAAT	DRANK
DINATRIUMWATERSTOFFOSFAAT/KALIUMDIWATERSTOFFOSFAAT	INFUSIEVLOEISTOF
DINATRIUMWATERSTOFFOSFAAT/KALIUMDIWATERSTOFFOSFAAT/KALIUMHYDROXIDE	CONCENTRAAT VOOR OPLOSSING VOOR INFUSIE
DRONABINOL/CANNABIDIOL	DRUPPELS VOOR SUBLINGUAAL GEBRUIK
DRONABINOL/CANNABIDIOL	ZALF
DROSPIRENON/ESTETROL	TABLET
DYDROGESTERON/ESTRADIOL	OMHULDE TABLET
DYDROGESTERON/ESTRADIOL	TABLET
ECHINACEA/SALVIA PREPARAAT	SPRAY VOOR OROMUCOSAAL GEBRUIK
EFAVIRENZ/TENOFOVIR DISOPROXIL/EMTRICITABINE	TABLET
ELBASVIR/GRAZOPREVIR	TABLET
EMTRICITABINE/COBICISTAT/ELVITEGRAVIR/TENOFOVIR ALAFENAMIDE	TABLET
EMTRICITABINE/DARUNAVIR/COBICISTAT/TENOFOVIR ALAFENAMIDE	TABLET
EMTRICITABINE/RILPIVIRINE/TENOFOVIR ALAFENAMIDE	TABLET
EMTRICITABINE/TENOFOVIR ALAFENAMIDE	TABLET
EMTRICITABINE/TENOFOVIR ALAFENAMIDE/BICTEGRAVIR	TABLET
ENALAPRIL/LERCANIDIPINE	TABLET
ERGOTAMINE/COFFEINE	ZETPIL
ESTRADIOL/DIENOGEST	TABLET
ESTRADIOL/DROSPIRENON	FILMOMHULDE TABLET
ESTRADIOL/DYDROGESTERON	TABLET
ESTRADIOL/NOMEGESTROL	TABLET
ESTRADIOL/NORETHISTERON	TABLET
ESTRIOL/ESTRADIOL	GEL
ETHANOL/GLUCOSE	INFUSIEVLOEISTOF
ETHINYLESTRADIOL/CYPROTERON	OMHULDE TABLET
ETHINYLESTRADIOL/DESOGESTREL	TABLET
ETHINYLESTRADIOL/DROSPIRENON	OMHULDE TABLET
ETHINYLESTRADIOL/DROSPIRENON	TABLET
ETHINYLESTRADIOL/ETONOGESTREL	TOEDIENINGSSYSTEEM VOOR VAGINAAL GEBRUIK
ETHINYLESTRADIOL/GESTODEEN	TABLET
ETHINYLESTRADIOL/LEVONORGESTREL	DRAGEE
ETHINYLESTRADIOL/LEVONORGESTREL	TABLET
ETHINYLESTRADIOL/NORELGESTROMINE	PLEISTER VOOR TRANSDERMAAL GEBRUIK
ETHINYLESTRADIOL/NORGESTIMAAT	TABLET
EUCERINE/WATER	CREME
EZETIMIB/ATORVASTATINE	TABLET
FACTOR IX/FACTOR X	POEDER VOOR INJECTIE/INFUSIEOPLOSSING
FACTOR VIII/VON WILLEBRANDFACTOR	POEDER VOOR INJECTIEVLOEISTOF
FENOL/JOHEXOL	INJECTIEVLOEISTOF
FENOL/JOMEPROL	INJECTIEVLOEISTOF
FENTANYL/BUPIVACAINE	INFUSIEVLOEISTOF
FENTOLAMINE/PAPAVERINE	INJECTIEVLOEISTOF
FIBRINOGEEN/APROTININE/FACTOR XIII	WEEFSELLIJM
FIBRINOGEEN/APROTININE/TROMBINE/CALCIUMCHLORIDE/FACTOR XIII	WEEFSELLIJM
FIBRINOGEEN/TROMBINE	WEEFSELLIJM
FIBRINOGEEN/TROMBINE	WEEFSELLIJM MATRIX
FLUDROCORTISON/NEOMYCINE/POLYMYXINE B/LIDOCAINE	OORDRUPPELS
FLUMETASON/CLIOQUINOL	CREME
FLUMETASON/CLIOQUINOL	OORDRUPPELS
FLUMETASON/SALICYLZUUR	ZALF
FLUOCINONIDE/NEOMYCINE/NYSTATINE/GRAMICIDINE	ZALF
FLUORESCEINE/LIDOCAINE	OOGDRUPPELS
FLUTICASON/AZELASTINE	NEUSSPRAY
FLUTICASON/FORMOTEROL	AEROSOL
FLUTICASON/VILANTEROL	INHALATIEPOEDER
FLUTICASON/VILANTEROL/UMECLIDINIUM	INHALATIEPOEDER
FOLLITROPINE/LUTROPINE ALFA	INJECTIEVLOEISTOF
FOLLITROPINE/LUTROPINE ALFA	POEDER VOOR INJECTIEVLOEISTOF
FORMOTEROL/ACLIDINIUM	INHALATIEPOEDER
FRAMYCETINE/GRAMICIDINE/DEXAMETHASON	OOGDRUPPELS
FRAMYCETINE/GRAMICIDINE/DEXAMETHASON	OORDRUPPELS
FYTOMENADION/ASCORBINEZUUR/CYANOCOBALAMINE/FOLIUMZUUR/DEXPANTHENOL/RETINOL/THIAMINE/BIOTINE/NICOTINAMIDE/PYRIDOXINE/COLECALCIFEROL/TOCOFEROL, DL-ALFA-/RIBOFLAVINE	POEDER VOOR OPLOSSING VOOR INFUSIE
FYTOMENADION/ASCORBINEZUUR/CYANOCOBALAMINE/FOLIUMZUUR/RETINOL/BIOTINE/NICOTINAMIDE/PYRIDOXINE/ERGOCALCIFEROL/TOCOFEROL, DL-ALFA-/THIAMINE/SOJAOLIE, GEZUIVERD/PANTOTHEENZUUR/RIBOFLAVINE/OLIJFOLIE, GEZUIVERD	EMULSIE VOOR INFUSIE
FYTOMENADION/ASCORBINEZUUR/KALIUMJODIDE/GLYCINE/CYANOCOBALAMINE/FOLIUMZUUR/ZINKCHLORIDE/RETINOL/BIOTINE/NICOTINAMIDE/PYRIDOXINE/ERGOCALCIFEROL/TOCOFEROL, DL-ALFA-/FERRICHLORIDE/NATRIUMFLUORIDE/ALANINE/FENYLALANINE/ISOLEUCINE/KOPER(II)CHLORIDE/LEUCINE/MANGAAN(II)CHLORIDE/METHIONINE/NATRIUMACETAAT/PROLINE/SERINE/TAURINE/THREONINE/TRYPTOFAAN/TYROSINE/VALINE/THIAMINE/GLUCOSE/SOJAOLIE, GEZUIVERD/ARGININE/HISTIDINE/PANTOTHEENZUUR/RIBOFLAVINE/LYSINE/NATRIUMMOLYBDAAT/NATRIUMSELENIET/MIDDELLANGEKETENTRIGLYCERIDEN/CHROOM(III)CHLORIDE/OLIJFOLIE, GEZUIVERD/OMEGA-3-OLIE, GEZUIVERD	EMULSIE VOOR INFUSIE
FYTOMENADION/MAGNESIUMSULFAAT/ASCORBINEZUUR/KALIUMJODIDE/CALCIUMCHLORIDE/KALIUMCHLORIDE/GLYCINE/CYANOCOBALAMINE/FOLIUMZUUR/ZINKCHLORIDE/ZINKSULFAAT/GLYCEROFOSFORZUUR/RETINOL/BIOTINE/NICOTINAMIDE/PYRIDOXINE/ERGOCALCIFEROL/TOCOFEROL, DL-ALFA-/FERRICHLORIDE/NATRIUMFLUORIDE/ALANINE/FENYLALANINE/ISOLEUCINE/KOPER(II)CHLORIDE/LEUCINE/MANGAAN(II)CHLORIDE/METHIONINE/NATRIUMACETAAT/PROLINE/SERINE/TAURINE/THREONINE/TRYPTOFAAN/TYROSINE/VALINE/THIAMINE/GLUCOSE/SOJAOLIE, GEZUIVERD/ARGININE/HISTIDINE/PANTOTHEENZUUR/RIBOFLAVINE/LYSINE/NATRIUMMOLYBDAAT/NATRIUMSELENIET/MIDDELLANGEKETENTRIGLYCERIDEN/CHROOM(III)CHLORIDE/ALANYLGLUTAMINE/OLIJFOLIE, GEZUIVERD/OMEGA-3-OLIE, GEZUIVERD	EMULSIE VOOR INFUSIE
FYTOMENADION/MAGNESIUMSULFAAT/ASCORBINEZUUR/KALIUMJODIDE/CALCIUMCHLORIDE/KALIUMCHLORIDE/GLYCINE/CYANOCOBALAMINE/FOLIUMZUUR/ZINKCHLORIDE/ZINKSULFAAT/GLYCEROFOSFORZUUR/RETINOL/BIOTINE/NICOTINAMIDE/PYRIDOXINE/ERGOCALCIFEROL/TOCOFEROL, DL-ALFA-/FERRICHLORIDE/NATRIUMFLUORIDE/ALANINE/FENYLALANINE/ISOLEUCINE/KOPER(II)CHLORIDE/LEUCINE/MANGAAN(II)CHLORIDE/METHIONINE/NATRIUMACETAAT/PROLINE/SERINE/TAURINE/THREONINE/TRYPTOFAAN/TYROSINE/VALINE/THIAMINE/GLUCOSE/SOJAOLIE, GEZUIVERD/ARGININE/HISTIDINE/PANTOTHEENZUUR/RIBOFLAVINE/LYSINE/NATRIUMMOLYBDAAT/NATRIUMSELENIET/MIDDELLANGEKETENTRIGLYCERIDEN/CHROOM(III)CHLORIDE/OLIJFOLIE, GEZUIVERD/OMEGA-3-OLIE, GEZUIVERD	EMULSIE VOOR INFUSIE
FYTOMENADION/MAGNESIUMSULFAAT/ASCORBINEZUUR/KALIUMJODIDE/CALCIUMGLUCONAAT/GLUTAMINEZUUR/KALIUMCHLORIDE/NATRIUMCHLORIDE/GLYCINE/CYANOCOBALAMINE/FOLIUMZUUR/ZINKCHLORIDE/GLYCEROFOSFORZUUR/RETINOL/BIOTINE/NICOTINAMIDE/PYRIDOXINE/ERGOCALCIFEROL/TOCOFEROL, DL-ALFA-/NATRIUMFLUORIDE/ALANINE/ASPARTINEZUUR/FENYLALANINE/ISOLEUCINE/KOPER(II)CHLORIDE/LEUCINE/MANGAAN(II)CHLORIDE/METHIONINE/PROLINE/SERINE/TAURINE/THREONINE/TRYPTOFAAN/TYROSINE/VALINE/THIAMINE/GLUCOSE/SOJAOLIE, GEZUIVERD/ARGININE/LYSINE/HISTIDINE/CYSTEINE/ORNITHINE/PANTOTHEENZUUR/NATRIUMSELENIET/RIBOFLAVINE/MIDDELLANGEKETENTRIGLYCERIDEN/OLIJFOLIE, GEZUIVERD/OMEGA-3-OLIE, GEZUIVERD	EMULSIE VOOR INFUSIE
FYTOMENADION/MENAQUINON 7	CAPSULE
FYTOMENADION/MENAQUINON 7	DRANK
FYTOMENADION/MENAQUINON 7	DRUPPELS VOOR ORAAL GEBRUIK
FYTOMENADION/MENAQUINON 7	POEDER VOOR ORAAL GEBRUIK
FYTOMENADION/RETINOL/COLECALCIFEROL/TOCOFEROL, DL-ALFA-	DRANK
FYTOMENADION/RETINOL/ERGOCALCIFEROL/TOCOFEROL, DL-ALFA-	CONCENTRAAT VOOR OPLOSSING VOOR INFUSIE
GENTAMICINE/DEXAMETHASON	OOGZALF
GENTAMICINE/VANCOMYCINE	POEDER VOOR CEMENT
GLECAPREVIR/PIBRENTASVIR	TABLET
GLIBENCLAMIDE/METFORMINE	FILMOMHULDE TABLET
GLUTAMINEZUUR/GLYCINE/ALANINE/ASPARTINEZUUR/FENYLALANINE/ISOLEUCINE/LEUCINE/LYSINE/METHIONINE/PROLINE/SERINE/THREONINE/TRYPTOFAAN/VALINE/GLUCOSE/SOJAOLIE, GEZUIVERD/ARGININE/HISTIDINE/MIDDELLANGEKETENTRIGLYCERIDEN	EMULSIE VOOR INFUSIE
GLUTAMINEZUUR/GLYCINE/ALANINE/ASPARTINEZUUR/FENYLALANINE/ISOLEUCINE/LEUCINE/METHIONINE/PROLINE/SERINE/TAURINE/THREONINE/TRYPTOFAAN/TYROSINE/VALINE/ARGININE/LYSINE/HISTIDINE/CYSTEINE/ORNITHINE	INFUSIEVLOEISTOF
GLUTAMINEZUUR/GLYCINE/ALANINE/ASPARTINEZUUR/FENYLALANINE/ISOLEUCINE/LEUCINE/METHIONINE/PROLINE/SERINE/THREONINE/TRYPTOFAAN/TYROSINE/VALINE/ARGININE/HISTIDINE/LYSINE	INFUSIEVLOEISTOF
GLUTAMINEZUUR/GLYCINE/ALANINE/ASPARTINEZUUR/FENYLALANINE/ISOLEUCINE/LEUCINE/METHIONINE/PROLINE/SERINE/THREONINE/TRYPTOFAAN/TYROSINE/VALINE/ARGININE/HISTIDINE/LYSINE/GLUTAMINE	INFUSIEVLOEISTOF
GLUTAMINEZUUR/GLYCINE/ALANINE/ASPARTINEZUUR/FENYLALANINE/ISOLEUCINE/LEUCINE/METHIONINE/PROLINE/SERINE/THREONINE/TRYPTOFAAN/TYROSINE/VALINE/SOJAOLIE, GEZUIVERD/ARGININE/HISTIDINE/LYSINE/GLUCOSE/OLIJFOLIE, GEZUIVERD	EMULSIE VOOR INFUSIE
GLYCEROL/OLIE, VET/MELKZUUR/CETYLALCOHOL/NATRIUMLAURYLSULFAAT/WATER	CREME
GLYCEROL/OLIE, VET/MELKZUUR/CETYLALCOHOL/WATER	CREME
GLYCEROL/WOLVET/VASELINE/WATER	ZALF
GLYCINE/ALANINE/FENYLALANINE/ISOLEUCINE/LEUCINE/LYSINE/METHIONINE/PROLINE/SERINE/THREONINE/TRYPTOFAAN/TYROSINE/VALINE/GLUCOSE/ARGININE/HISTIDINE	INFUSIEVLOEISTOF
GLYCINE/ALANINE/FENYLALANINE/ISOLEUCINE/LEUCINE/METHIONINE/PROLINE/SERINE/TAURINE/THREONINE/TRYPTOFAAN/TYROSINE/VALINE/GLUCOSE/SOJAOLIE, GEZUIVERD/ARGININE/HISTIDINE/LYSINE/MIDDELLANGEKETENTRIGLYCERIDEN/OLIJFOLIE, GEZUIVERD/OMEGA-3-OLIE, GEZUIVERD	EMULSIE VOOR INFUSIE
GLYCOPYRRONIUM/BUDESONIDE/FORMOTEROL	AEROSOL
GLYCOPYRRONIUM/FORMOTEROL	AEROSOL
GLYCOPYRRONIUM/INDACATEROL	INHALATIEPOEDER
GLYCOPYRRONIUM/MOMETASON/INDACATEROL	INHALATIEPOEDER
GRASPOLLENALLERGEEN/BLOEMENALLERGEEN	SUSPENSIE VOOR INJECTIE
GRASPOLLENALLERGEEN/BOOMPOLLENALLERGEEN	SUSPENSIE VOOR INJECTIE
GRASPOLLENALLERGEEN/BOOMPOLLENALLERGEEN	VLOEISTOF VOOR OROMUCOSAAL GEBRUIK
HEPARINE/CALCIUMCHLORIDE/KALIUMCHLORIDE/NATRIUMCHLORIDE/NATRIUMLACTAAT	INFUSIEVLOEISTOF
HEPARINE/NATRIUMCHLORIDE	INFUSIEVLOEISTOF
HEPATITIS-B-VACCIN/HEPATITIS-A-VACCIN	SUSPENSIE VOOR INJECTIE
HOP/SUMAK AROMATISCH/POMPOEN	CAPSULE
HYALURONIDASE/IMMUNOGLOBULINE, NORMAAL	INFUSIEVLOEISTOF
HYALURONZUUR/CARBOMEER	OOGDRUPPELS
HYALURONZUUR/CHONDROITINEZWAVELZUUR	INJECTIEVLOEISTOF
HYDROCHLOORTHIAZIDE/ALISKIREN	TABLET
HYDROCHLOORTHIAZIDE/AMILORIDE	TABLET
HYDROCHLOORTHIAZIDE/AMLODIPINE/OLMESARTAN	TABLET
HYDROCHLOORTHIAZIDE/AMLODIPINE/VALSARTAN	TABLET
HYDROCHLOORTHIAZIDE/BISOPROLOL	TABLET
HYDROCHLOORTHIAZIDE/CANDESARTAN	TABLET
HYDROCHLOORTHIAZIDE/ENALAPRIL	TABLET
HYDROCHLOORTHIAZIDE/EPROSARTAN	FILMOMHULDE TABLET
HYDROCHLOORTHIAZIDE/FOSINOPRIL	TABLET
HYDROCHLOORTHIAZIDE/IRBESARTAN	TABLET
HYDROCHLOORTHIAZIDE/LISINOPRIL	TABLET
HYDROCHLOORTHIAZIDE/LOSARTAN	OMHULDE TABLET
HYDROCHLOORTHIAZIDE/LOSARTAN	TABLET
HYDROCHLOORTHIAZIDE/METOPROLOL	TABLET MET GEREGULEERDE AFGIFTE
HYDROCHLOORTHIAZIDE/OLMESARTAN	TABLET
HYDROCHLOORTHIAZIDE/QUINAPRIL	TABLET
HYDROCHLOORTHIAZIDE/RAMIPRIL	TABLET
HYDROCHLOORTHIAZIDE/TELMISARTAN	TABLET
HYDROCHLOORTHIAZIDE/TRIAMTEREEN	TABLET
HYDROCHLOORTHIAZIDE/VALSARTAN	OMHULDE TABLET
HYDROCORTISON/ACICLOVIR	CREME
HYDROCORTISON/COLISTINE/BACITRACINE	OORDRUPPELS
HYDROCORTISON/FRAMYCETINE/CINCHOCAINE	ZALF VOOR RECTAAL GEBRUIK
HYDROCORTISON/FUSIDINEZUUR	CREME
HYDROCORTISON/FUSIDINEZUUR	ZALF
HYDROCORTISON/KETOCONAZOL	CREME
HYDROCORTISON/LEVOMENTHOL	CREME
HYDROCORTISON/LIDOCAINE	CREME
HYDROCORTISON/LIDOCAINE/ZINKOXIDE	CREME
HYDROCORTISON/MICONAZOL	CREME
HYDROCORTISON/MICONAZOL	ZALF
HYDROCORTISON/MICONAZOL/ZINKOXIDE	PASTA VOOR CUTAAN GEBRUIK
HYDROCORTISON/OXYTETRACYCLINE/POLYMYXINE B	OOGZALF
HYDROCORTISON/OXYTETRACYCLINE/POLYMYXINE B	OORDRUPPELS
HYDROCORTISON/OXYTETRACYCLINE/POLYMYXINE B	OORZALF
HYDROCORTISON/TETRACYCLINE	OORDRUPPELS
HYDROCORTISON/TETRACYCLINE	ZALF
HYDROCORTISON/TRETINOINE/HYDROCHINON	CREME
HYDROCORTISON/UREUM	CREME
HYDROCORTISON/UREUM	ZALF
HYDROCORTISON/ZINKOXIDE/KETOCONAZOL	CREME
HYDROCORTISON/ZINKSULFAAT	CREME VOOR RECTAAL GEBRUIK
HYDROMORFON/DEXAMETHASON	INFUSIEVLOEISTOF
INDAPAMIDE/AMLODIPINE	TABLET MET GEREGULEERDE AFGIFTE
INDAPAMIDE/AMLODIPINE/PERINDOPRIL	TABLET
INDAPAMIDE/PERINDOPRIL	TABLET
INSULINE ASPART/INSULINE ASPART, PROTAMINE	SUSPENSIE VOOR INJECTIE
INSULINE ASPART/INSULINE DEGLUDEC	INJECTIEVLOEISTOF
INSULINE GLARGINE/LIXISENATIDE	INJECTIEVLOEISTOF
INSULINE LISPRO/INSULINE LISPRO, PROTAMINE	SUSPENSIE VOOR INJECTIE
INSULINE, GEWOON/INSULINE, ISOFAAN	SUSPENSIE VOOR INJECTIE
IPRATROPIUM/FENOTEROL	AEROSOL
IPRATROPIUM/SALBUTAMOL	VERNEVELVLOEISTOF
IPRATROPIUM/XYLOMETAZOLINE	NEUSSPRAY
ISOPROPANOL/CHLOORHEXIDINE	OPLOSSING VOOR CUTAAN GEBRUIK
ISOPROPANOL/PROPANOL/MECETRONIUM	OPLOSSING VOOR CUTAAN GEBRUIK
IVACAFTOR/LUMACAFTOR	GRANULAAT
IVACAFTOR/LUMACAFTOR	TABLET
IVACAFTOR/TEZACAFTOR	TABLET
IVACAFTOR/TEZACAFTOR/ELEXACAFTOR	TABLET
JODIUM/KALIUMJODIDE	DRUPPELS VOOR ORAAL GEBRUIK
JODIUM/KALIUMJODIDE	VLOEISTOF VOOR VAGINAAL GEBRUIK
JODIUM/NATRIUMJODIDE	OPLOSSING VOOR CUTAAN GEBRUIK
KALIUMACETAAT/KALIUMDIWATERSTOFFOSFAAT/DIKALIUMWATERSTOFFOSFAAT	CONCENTRAAT VOOR OPLOSSING VOOR INFUSIE
KALIUMCHLORIDE/GLUCOSE	INFUSIEVLOEISTOF
KALIUMCHLORIDE/MAGNESIUMCHLORIDE	CONCENTRAAT VOOR OPLOSSING VOOR INFUSIE
KALIUMCHLORIDE/NATRIUMCHLORIDE	INFUSIEVLOEISTOF
KALIUMCHLORIDE/NATRIUMCHLORIDE/DIMETICON/MACROGOL/CITROENZUUR/NATRIUMSULFAAT/NATRIUMCITRAAT	POEDER VOOR DRANK
KALIUMCHLORIDE/NATRIUMCHLORIDE/GLUCOSE	INFUSIEVLOEISTOF
KALIUMCHLORIDE/NATRIUMCHLORIDE/GLUCOSE/NATRIUMCITRAAT	POEDER VOOR DRANK
KALIUMCHLORIDE/NATRIUMCHLORIDE/MAGNESIUMCHLORIDE/NATRIUMACETAAT	INFUSIEVLOEISTOF
KALIUMCHLORIDE/NATRIUMCHLORIDE/MAGNESIUMCHLORIDE/NATRIUMACETAAT/GLUCOSE	INFUSIEVLOEISTOF
KALIUMCHLORIDE/NATRIUMCHLORIDE/MAGNESIUMCHLORIDE/NATRIUMACETAAT/HYDROXYETHYLZETMEEL	INFUSIEVLOEISTOF
KALIUMCHLORIDE/NATRIUMCHLORIDE/MAGNESIUMCHLORIDE/NATRIUMACETAAT/NATRIUMGLUCONAAT	INFUSIEVLOEISTOF
KALIUMCHLORIDE/NATRIUMCHLORIDE/NATRIUMCITRAAT/GLUCOSE	POEDER VOOR DRANK
KALIUMCHLORIDE/NATRIUMCHLORIDE/NATRIUMCITRAAT/MAGNESIUMCHLORIDE/GLUCOSE	OPLOSSING VOOR HEMOFILTRATIE
KALIUMCHLORIDE/NATRIUMCHLORIDE/NATRIUMSULFAAT/MACROGOL	POEDER VOOR DRANK
KALIUMCHLORIDE/NATRIUMCHLORIDE/NATRIUMWATERSTOFCARBONAAT/CITROENZUUR/GLUCOSE	BRUISTABLET
KALIUMCHLORIDE/NATRIUMCHLORIDE/NATRIUMWATERSTOFCARBONAAT/CITROENZUUR/GLUCOSE	POEDER VOOR DRANK
KALIUMCHLORIDE/NATRIUMCHLORIDE/NATRIUMWATERSTOFCARBONAAT/MACROGOL	CONCENTRAAT VOOR DRANK
KALIUMCHLORIDE/NATRIUMCHLORIDE/NATRIUMWATERSTOFCARBONAAT/MACROGOL	DRANK
KALIUMCHLORIDE/NATRIUMCHLORIDE/NATRIUMWATERSTOFCARBONAAT/MACROGOL	POEDER VOOR DRANK
KALIUMCHLORIDE/NATRIUMCHLORIDE/NATRIUMWATERSTOFCARBONAAT/MACROGOL/NATRIUMSULFAAT	POEDER VOOR DRANK
KALIUMCHLORIDE/NATRIUMCHLORIDE/NATRIUMWATERSTOFCARBONAAT/NATRIUMSULFAAT/MACROGOL	POEDER VOOR DRANK
KALIUMCHLORIDE/NATRIUMWATERSTOFCARBONAAT/KALIUMDIWATERSTOFFOSFAAT/DIKALIUMWATERSTOFFOSFAAT/GLUCOSE	SPOELING
KALIUMCITRAAT/CITROENZUUR	DRANK
KALIUMDIWATERSTOFFOSFAAT/DIKALIUMWATERSTOFFOSFAAT	DRANK
KALIUMJODIDE/FERROGLUCONAAT/NATRIUMFLUORIDE/ZINKGLUCONAAT/NATRIUMSELENIET/NATRIUMMOLYBDAAT/CHROOM(III)CHLORIDE/KOPER(II)GLUCONAAT/MANGAAN(II)GLUCONAAT	CONCENTRAAT VOOR OPLOSSING VOOR INFUSIE
KALIUMJODIDE/ZINKCHLORIDE/FERRICHLORIDE/NATRIUMFLUORIDE/KOPER(II)CHLORIDE/MANGAAN(II)CHLORIDE/NATRIUMMOLYBDAAT/NATRIUMSELENIET/CHROOM(III)CHLORIDE	CONCENTRAAT VOOR OPLOSSING VOOR INFUSIE
KALIUMJODIDE/ZINKCHLORIDE/NATRIUMFLUORIDE/KOPER(II)CHLORIDE/MANGAAN(II)CHLORIDE/FERROCHLORIDE/NATRIUMSELENIET/NATRIUMMOLYBDAAT/CHROOM(III)CHLORIDE	CONCENTRAAT VOOR OPLOSSING VOOR INFUSIE
KALIUMJODIDE/ZINKCHLORIDE/NATRIUMFLUORIDE/KOPER(II)CHLORIDE/MANGAAN(II)CHLORIDE/NATRIUMSELENIET	CONCENTRAAT VOOR OPLOSSING VOOR INFUSIE
KALIUMJODIDE/ZINKGLUCONAAT/NATRIUMSELENIET/KOPER(II)GLUCONAAT/MANGAAN(II)GLUCONAAT	CONCENTRAAT VOOR OPLOSSING VOOR INFUSIE
KAMFER/EUCALYPTUS/TERPENTIJN/MARJOLEIN PREPARAAT	ZALF VOOR INHALATIEDAMP
KAMFER/LEVOMENTHOL/EUCALYPTUS	ZALF VOOR INHALATIEDAMP
KAMFER/LEVOMENTHOL/EUCALYPTUS/TERPENTIJN/THYMOL	ZALF VOOR INHALATIEDAMP
KOOLTEER PREPARAAT/ZWAVEL	CREME
LABETALOL/GLUCOSE	INJECTIEVLOEISTOF
LACTOSE/MAGNESIUMSTEARAAT	TABLET
LACTOSE/MAGNESIUMSTEARAAT/CELLULOSE, MICROKRISTALLIJN	TABLET
LACTOSE/ZETMEEL/CITROENZUUR/CELLULOSE, MICROKRISTALLIJN/NATRIUMSTEARYLFUMARAAT	DISPERGEERBARE TABLET
LAMIVUDINE/ABACAVIR	TABLET
LAMIVUDINE/ABACAVIR/DOLUTEGRAVIR	TABLET
LAMIVUDINE/DOLUTEGRAVIR	TABLET
LAMIVUDINE/TENOFOVIR DISOPROXIL/DORAVIRINE	TABLET
LAUROMACROGOL 400/OLIEZUUR	CREME VOOR RECTAAL GEBRUIK
LEVERTRAAN/BIERGIST PREPARAAT	ZALF VOOR RECTAAL GEBRUIK
LEVERTRAAN/BIERGIST PREPARAAT	ZETPIL
LEVODOPA/BENSERAZIDE	CAPSULE
LEVODOPA/BENSERAZIDE	CAPSULE MET GEREGULEERDE AFGIFTE
LEVODOPA/BENSERAZIDE	DISPERGEERBARE TABLET
LEVODOPA/BENSERAZIDE	TABLET
LEVODOPA/CARBIDOPA	GEL VOOR GASTRO-ENTERAAL GEBRUIK
LEVODOPA/CARBIDOPA	TABLET
LEVODOPA/CARBIDOPA	TABLET MET GEREGULEERDE AFGIFTE
LEVODOPA/CARBIDOPA/ENTACAPON	GEL VOOR GASTRO-ENTERAAL GEBRUIK
LEVODOPA/CARBIDOPA/ENTACAPON	TABLET
LEVOMENTHOL/KOOLTEER PREPARAAT	SHAMPOO
LIDOCAINE/LEVOMENTHOL	GEL
LIDOCAINE/PRILOCAINE	CREME
LIDOCAINE/PRILOCAINE	PLEISTER
LIDOCAINE/TETRACAINE	PLEISTER
LIDOCAINE/TETRACAINE	ZALF
LIDOCAINE/ZINKOXIDE	PASTA VOOR CUTAAN GEBRUIK
LIDOCAINE/ZINKOXIDE/BISMUTSUBNITRAAT	ZALF VOOR RECTAAL GEBRUIK
LIDOCAINE/ZINKOXIDE/BISMUTSUBNITRAAT	ZETPIL
LIDOCAINE/ZINKSULFAAT	CREME VOOR RECTAAL GEBRUIK
LIJNZAAD PREPARAAT/RHAMNUS FRANGULA/SENNA	GRANULAAT
LIRAGLUTIDE/INSULINE DEGLUDEC	INJECTIEVLOEISTOF
LOPERAMIDE/DIMETICON	TABLET
MAGNESIUMCITRAAT/GLUCONOLACTON/CITROENZUUR	BLAASSPOELING
MAGNESIUMCITRAAT/NATRIUMCITRAAT/CITROENZUUR	BLAASSPOELING
MAGNESIUMHYDROXIDE/ALGELDRAAT	KAUWTABLET
MAGNESIUMHYDROXIDE/ALGELDRAAT	SUSPENSIE VOOR ORAAL GEBRUIK
MAGNESIUMHYDROXIDE/DIMETICON/ALGELDRAAT	KAUWTABLET
MAGNESIUMOXIDE/CITROENZUUR/PICOZWAVELZUUR	POEDER VOOR DRANK
MAGNESIUMSTEARAAT/SILICIUMDIOXIDE/CELLULOSE, MICROKRISTALLIJN/LACTOSE/CARBOXYMETHYLZETMEEL	TABLET
MAGNESIUMSUBCARBONAAT/CALCIUMACETAAT	TABLET
MAGNESIUMSULFAAT/CALCIUMCHLORIDE/GLUTAMINEZUUR/KALIUMCHLORIDE/GLYCINE/ALANINE/ASPARTINEZUUR/FENYLALANINE/ISOLEUCINE/LEUCINE/LYSINE/METHIONINE/NATRIUMACETAAT/PROLINE/SERINE/THREONINE/TRYPTOFAAN/TYROSINE/VALINE/GLUCOSE/SOJAOLIE, GEZUIVERD/ARGININE/HISTIDINE/GLYCEROFOSFORZUUR	EMULSIE VOOR INFUSIE
MAGNESIUMSULFAAT/CALCIUMCHLORIDE/KALIUMCHLORIDE/GLYCINE/ZINKSULFAAT/GLYCEROFOSFORZUUR/ALANINE/FENYLALANINE/ISOLEUCINE/LEUCINE/LYSINE/METHIONINE/NATRIUMACETAAT/PROLINE/SERINE/THREONINE/TRYPTOFAAN/TYROSINE/VALINE/GLUCOSE/SOJAOLIE, GEZUIVERD/ARGININE/HISTIDINE/MIDDELLANGEKETENTRIGLYCERIDEN/OLIJFOLIE, GEZUIVERD/OMEGA-3-OLIE, GEZUIVERD	EMULSIE VOOR INFUSIE
MAGNESIUMSULFAAT/CALCIUMCHLORIDE/KALIUMCHLORIDE/GLYCINE/ZINKSULFAAT/GLYCEROFOSFORZUUR/ALANINE/FENYLALANINE/ISOLEUCINE/LEUCINE/METHIONINE/NATRIUMACETAAT/PROLINE/SERINE/TAURINE/THREONINE/TRYPTOFAAN/TYROSINE/VALINE/GLUCOSE/SOJAOLIE, GEZUIVERD/ARGININE/HISTIDINE/LYSINE/MIDDELLANGEKETENTRIGLYCERIDEN/OLIJFOLIE, GEZUIVERD/OMEGA-3-OLIE, GEZUIVERD	EMULSIE VOOR INFUSIE
MAGNESIUMSULFAAT/KALIUMCHLORIDE	CONCENTRAAT VOOR OPLOSSING VOOR INFUSIE
MAGNESIUMSULFAAT/KALIUMCHLORIDE	INFUSIEVLOEISTOF
MAGNESIUMSULFAAT/KALIUMCHLORIDE/NATRIUMCHLORIDE	INFUSIEVLOEISTOF
MAGNESIUMSULFAAT/KALIUMCHLORIDE/NATRIUMCHLORIDE/GLUCOSE	INFUSIEVLOEISTOF
MAGNESIUMSULFAAT/KALIUMCHLORIDE/PYRIDOXINE	CONCENTRAAT VOOR OPLOSSING VOOR INFUSIE
MAGNESIUMSULFAAT/KALIUMJODIDE/CALCIUMGLUCONAAT/GLUTAMINEZUUR/KALIUMCHLORIDE/GLYCINE/ZINKCHLORIDE/GLYCEROFOSFORZUUR/NATRIUMFLUORIDE/ALANINE/ASPARTINEZUUR/FENYLALANINE/ISOLEUCINE/KOPER(II)CHLORIDE/LEUCINE/MANGAAN(II)CHLORIDE/METHIONINE/PROLINE/SERINE/TAURINE/THREONINE/TRYPTOFAAN/TYROSINE/VALINE/ARGININE/LYSINE/HISTIDINE/CALCIUMSACCHARAAT/CYSTEINE/ORNITHINE/NATRIUMSELENIET/GLUCOSE	INFUSIEVLOEISTOF
MAGNESIUMSULFAAT/KALIUMSULFAAT/NATRIUMSULFAAT	CONCENTRAAT VOOR DRANK
MANNITOL/LACTOSE/SACCHAROSE/RAFFINOSE	DRANK
MANNITOL/SORBITOL	BLAASSPOELING
MARIADISTEL/ARTISJOK/PAARDENBLOEM/BOLDO PREPARAAT	TABLET
MAZELENVACCIN/RUBELLAVACCIN/BOFVACCIN	POEDER VOOR SUSPENSIE VOOR INJECTIE
MEPIVACAINE/ADRENALINE	INJECTIEVLOEISTOF
MEPIVACAINE/BUPIVACAINE	INJECTIEVLOEISTOF
METFORMINE/DAPAGLIFLOZINE	TABLET
METFORMINE/EMPAGLIFLOZINE	TABLET
METFORMINE/ERTUGLIFLOZINE	TABLET
METFORMINE/LINAGLIPTINE	TABLET
METFORMINE/PIOGLITAZON	TABLET
METFORMINE/SITAGLIPTINE	TABLET
METFORMINE/VILDAGLIPTINE	TABLET
METHYLPARAHYDROXYBENZOAAT/PROPYLPARAHYDROXYBENZOAAT/CARMELLOSE/ALUMINIUMMAGNESIUMSILICAAT/SACCHAROSE/CITROENZUUR/WATER	SUSPENSIE VOOR ORAAL GEBRUIK
METHYLPREDNISOLON/LIDOCAINE	INJECTIEVLOEISTOF
MICONAZOL/UREUM	ZALF
MICONAZOL/ZINKOXIDE	CREME
MICONAZOL/ZINKOXIDE	PASTA VOOR CUTAAN GEBRUIK
MICONAZOL/ZINKOXIDE	ZALF
MOMETASON/INDACATEROL	INHALATIEPOEDER
MORFINE/BUPIVACAINE	INFUSIEVLOEISTOF
MORFINE/BUPIVACAINE	INJECTIEVLOEISTOF
MORFINE/DEXAMETHASON	INFUSIEVLOEISTOF
MORFINE/DROPERIDOL	INFUSIEVLOEISTOF
NALOXON/OXYCODON	TABLET MET GEREGULEERDE AFGIFTE
NALTREXON/BUPROPION	TABLET MET GEREGULEERDE AFGIFTE
NAPROXEN/ESOMEPRAZOL	TABLET MET GEREGULEERDE AFGIFTE
NATRIUMCHLORIDE/GLUCOSE	INFUSIEVLOEISTOF
NATRIUMCHLORIDE/NATRIUMCITRAAT	OPLOSSING VOOR HEMOFILTRATIE
NATRIUMCHLORIDE/WATER/NATRIUMDIWATERSTOFFOSFAAT/DINATRIUMWATERSTOFFOSFAAT	VERNEVELVLOEISTOF
NATRIUMCITRAAT/CITROENZUUR	DRANK
NATRIUMDIWATERSTOFFOSFAAT/CALCIUMCHLORIDE/GLUTAMINEZUUR/GLYCINE/ALANINE/ASPARTINEZUUR/FENYLALANINE/ISOLEUCINE/LEUCINE/LYSINE/METHIONINE/NATRIUMACETAAT/PROLINE/SERINE/THREONINE/TRYPTOFAAN/VALINE/GLUCOSE/MAGNESIUMACETAAT/HISTIDINE/ARGININE	INFUSIEVLOEISTOF
NATRIUMDIWATERSTOFFOSFAAT/CALCIUMCHLORIDE/GLUTAMINEZUUR/NATRIUMCHLORIDE/GLYCINE/ALANINE/ASPARTINEZUUR/FENYLALANINE/HISTIDINE/ISOLEUCINE/KALIUMACETAAT/LEUCINE/LYSINE/METHIONINE/NATRIUMACETAAT/NATRIUMHYDROXIDE/PROLINE/SERINE/THREONINE/TRYPTOFAAN/VALINE/ZINKACETAAT/GLUCOSE/SOJAOLIE, GEZUIVERD/ARGININE/MAGNESIUMACETAAT/MIDDELLANGEKETENTRIGLYCERIDEN/OMEGA-3-OLIE, GEZUIVERD	EMULSIE VOOR INFUSIE
NATRIUMDIWATERSTOFFOSFAAT/CALCIUMCHLORIDE/GLUTAMINEZUUR/NATRIUMCHLORIDE/GLYCINE/ALANINE/ASPARTINEZUUR/FENYLALANINE/ISOLEUCINE/KALIUMACETAAT/LEUCINE/LYSINE/METHIONINE/NATRIUMACETAAT/NATRIUMHYDROXIDE/PROLINE/SERINE/THREONINE/TRYPTOFAAN/VALINE/ZINKACETAAT/GLUCOSE/SOJAOLIE, GEZUIVERD/ARGININE/HISTIDINE/MAGNESIUMACETAAT/MIDDELLANGEKETENTRIGLYCERIDEN	EMULSIE VOOR INFUSIE
NATRIUMDIWATERSTOFFOSFAAT/DINATRIUMWATERSTOFFOSFAAT	CONCENTRAAT VOOR OPLOSSING VOOR HEMODIALYSE
NATRIUMDIWATERSTOFFOSFAAT/DINATRIUMWATERSTOFFOSFAAT	CONCENTRAAT VOOR OPLOSSING VOOR INFUSIE
NATRIUMDIWATERSTOFFOSFAAT/DINATRIUMWATERSTOFFOSFAAT	DRANK
NATRIUMDIWATERSTOFFOSFAAT/DINATRIUMWATERSTOFFOSFAAT	INFUSIEVLOEISTOF
NATRIUMDIWATERSTOFFOSFAAT/DINATRIUMWATERSTOFFOSFAAT	KLYSMA
NATRIUMDIWATERSTOFFOSFAAT/DINATRIUMWATERSTOFFOSFAAT	MONDSPOELING
NATRIUMDIWATERSTOFFOSFAAT/DINATRIUMWATERSTOFFOSFAAT/CALCIUMCHLORIDE	MONDSPOELING
NATRIUMDIWATERSTOFFOSFAAT/DINATRIUMWATERSTOFFOSFAAT/CALCIUMCHLORIDE/KALIUMCHLORIDE/NATRIUMCHLORIDE/MAGNESIUMCHLORIDE	INFUSIEVLOEISTOF
NATRIUMFLUORIDE/DECTAFLUR/OLAFLUR	GEL VOOR DENTAAL GEBRUIK
NATRIUMFLUORIDE/WATERSTOFFLUORIDE	GEL VOOR DENTAAL GEBRUIK
NATRIUMSULFAAT/KOOL, GEACTIVEERD	GRANULAAT VOOR ORALE SUSPENSIE
NATRIUMWATERSTOFCARBONAAT/ALGINEZUUR	SUSPENSIE VOOR ORAAL GEBRUIK
NEOMYCINE/POLYMYXINE B	TABLET
NEOSTIGMINE/GLYCOPYRRONIUM	INJECTIEVLOEISTOF
NICOTINAMIDE/RIBOFLAVINE/THIAMINE/PANTOTHEENZUUR/PYRIDOXINE	TABLET
NORETHISTERON/ESTRADIOL	OMHULDE TABLET
OESTROGENEN, GECONJUGEERD/BAZEDOXIFEEN	TABLET MET GEREGULEERDE AFGIFTE
OLIE, VET/WAS	CREME
OLIE, VET/WAS/GLYCERYLMONO-OLEAAT	CREME
OLIE, VET/WAS/VASELINE/GLYCERYLMONO-OLEAAT	CREME
OXYBUPROCAINE/FLUORESCEINE	OOGDRUPPELS
OXYBUPROCAINE/XYLOMETAZOLINE	NEUSDRUPPELS
OXYBUPROCAINE/XYLOMETAZOLINE	NEUSSPRAY
OXYBUPROCAINE/XYLOMETAZOLINE	OPLOSSING
PALONOSETRON/NETUPITANT	CAPSULE
PARACETAMOL/ASCORBINEZUUR	POEDER VOOR DRANK
PARACETAMOL/ASCORBINEZUUR/COFFEINE	BRUISTABLET
PARACETAMOL/ASCORBINEZUUR/COFFEINE	TABLET
PARACETAMOL/CODEINE	TABLET
PARACETAMOL/CODEINE	ZETPIL
PARACETAMOL/COFFEINE	OMHULDE TABLET
PARACETAMOL/COFFEINE	POEDER VOOR ORAAL GEBRUIK
PARACETAMOL/COFFEINE	TABLET
PARACETAMOL/PROPYFENAZON/COFFEINE	POEDER VOOR ORAAL GEBRUIK
PARACETAMOL/PROPYFENAZON/COFFEINE	TABLET
PARACETAMOL/TRAMADOL	FILMOMHULDE TABLET
PEPERMUNT/LAVENDEL/ESSENCE/ROZEN OLIE, KUNSTMATIG	VLOEISTOF
PETHIDINE/PROMAZINE	INJECTIEVLOEISTOF
PIPERACILLINE/TAZOBACTAM	INFUSIEVLOEISTOF
PIPERACILLINE/TAZOBACTAM	POEDER VOOR INJECTIEVLOEISTOF
PLANTAGO OVATA/SENNA	GRANULAAT
PRAVASTATINE/FENOFIBRAAT	CAPSULE
PRILOCAINE/FELYPRESSINE	INJECTIEVLOEISTOF
PROGUANIL/ATOVAQUON	FILMOMHULDE TABLET
PROPYLEENGLYCOL/CETOSTEARYLALCOHOL/SORBITANOLEAAT/POLYSORBAAT 80/EDETINEZUUR/PARAFFINE/KALIUMCARBONAAT/WATER/TROMETAMOL/CARBOMEER/POLYOXYETHYLEEN(20)CETYLSTEARYLETHER	EMULSIE VOOR CUTAAN GEBRUIK
PROPYLEENGLYCOL/HYPROMELLOSE	GEL
PROPYLEENGLYCOL/WAS/SORBITANOLEAAT/POLYSORBAAT 80/EDETINEZUUR/PARAFFINE/WATER/TROMETAMOL/CARBOMEER	EMULSIE VOOR CUTAAN GEBRUIK
PROPYLEENGLYCOL/WAS/VASELINE/PARAFFINE	CREME
PROPYLPARAHYDROXYBENZOAAT/LIDOCAINE	ZUIGTABLET
PYRIDOXINE/DOXYLAMINE	MAAGSAPRESISTENTE TABLET
PYRIDOXINE/MECLOZINE	TABLET
PYRIDOXINE/MECLOZINE	ZETPIL
RIFAMPICINE/ISONIAZIDE	DRAGEE
RILPIVIRINE/DOLUTEGRAVIR	TABLET
RITONAVIR/LOPINAVIR	CAPSULE, ZACHT
RITONAVIR/LOPINAVIR	DRANK
RITONAVIR/LOPINAVIR	TABLET
RITONAVIR/NIRMATRELVIR	TABLET
RITONAVIR/PARITAPREVIR/OMBITASVIR	TABLET
ROSUVASTATINE/EZETIMIB	CAPSULE
RUBELLAVACCIN/BOFVACCIN/MAZELENVACCIN	POEDER VOOR INJECTIEVLOEISTOF
SACUBITRIL/VALSARTAN	TABLET
SALICYLZUUR/ALUMINIUMKALIUMSULFAAT	STROOIPOEDER
SALICYLZUUR/DITRANOL	COLLODION
SALICYLZUUR/HEPARINOIDEN	CREME
SALICYLZUUR/KOOLTEER PREPARAAT	ZALF
SALICYLZUUR/MELKZUUR	COLLODION
SALICYLZUUR/RESORCINOL	CREME
SALICYLZUUR/RESORCINOL	OPLOSSING VOOR CUTAAN GEBRUIK
SALICYLZUUR/RHEUM	VLOEISTOF VOOR OROMUCOSAAL GEBRUIK
SALMETEROL/FLUTICASON	AEROSOL
SALMETEROL/FLUTICASON	INHALATIEPOEDER
SIMVASTATINE/EZETIMIB	TABLET
SITAGLIPTINE/ERTUGLIFLOZINE	TABLET
SOFOSBUVIR/LEDIPASVIR	TABLET
SOFOSBUVIR/VELPATASVIR	TABLET
SOFOSBUVIR/VELPATASVIR/VOXILAPREVIR	TABLET
SOJAOLIE, GEZUIVERD/MIDDELLANGEKETENTRIGLYCERIDEN/OLIJFOLIE, GEZUIVERD/OMEGA-3-OLIE, GEZUIVERD	EMULSIE VOOR INFUSIE
SOJAOLIE, GEZUIVERD/MIDDELLANGEKETENTRIGLYCERIDEN/OMEGA-3-OLIE, GEZUIVERD	EMULSIE VOOR INFUSIE
SOJAOLIE, GEZUIVERD/OLIJFOLIE, GEZUIVERD	EMULSIE VOOR INFUSIE
SORBINEZUUR/GLYCEROL/WAS/VASELINE/PARAFFINE/WATER	CREME
SORBINEZUUR/LECITHINE/ISOPROPYLPALMITAAT	CREME
SORBINEZUUR/SORBITOL/GLYCEROL/WAS/DECYLOLEAAT/WATER	CREME
SORBINEZUUR/SORBITOL/GLYCEROL/WAS/VASELINE/DECYLOLEAAT/WATER	CREME
SORBINEZUUR/SORBITOL/PROPYLEENGLYCOL/WAS/DECYLOLEAAT/WATER	CREME
SORBINEZUUR/SORBITOL/WAS/DECYLOLEAAT/PARAFFINE/WATER	CREME
SORBINEZUUR/SORBITOL/WAS/DECYLOLEAAT/WATER	EMULSIE VOOR CUTAAN GEBRUIK
SORBINEZUUR/SORBITOL/WAS/WALSCHOT/DECYLOLEAAT/WATER	CREME
SORBITOL/DOCUSINEZUUR	KLYSMA
SORBITOL/NATRIUMLAURYLSULFOACETAAT	KLYSMA
SORBITOL/WAS/DECYLOLEAAT	CREME
SUFENTANIL/BUPIVACAINE	INFUSIEVLOEISTOF
SUFENTANIL/LEVOBUPIVACAINE	INFUSIEVLOEISTOF
SUFENTANIL/ROPIVACAINE	INFUSIEVLOEISTOF
SUFENTANIL/ROPIVACAINE	INJECTIEVLOEISTOF
TALK/ZINKOXIDE	STROOIPOEDER
TALK/ZINKOXIDE	SUSPENSIE VOOR CUTAAN GEBRUIK
TALK/ZINKOXIDE/ETHANOL, GEDENATUREERD	SUSPENSIE VOOR CUTAAN GEBRUIK
TAMSULOSINE/DUTASTERIDE	CAPSULE
TAMSULOSINE/SOLIFENACINE	TABLET MET GEREGULEERDE AFGIFTE
TAZOBACTAM/CEFTOLOZAAN	POEDER VOOR OPLOSSING VOOR INFUSIE
TEGAFUR/OTERACIL/GIMERACIL	CAPSULE
TENOFOVIR DISOPROXIL/EMTRICITABINE	TABLET
TENOFOVIR DISOPROXIL/EMTRICITABINE/COBICISTAT/ELVITEGRAVIR	TABLET
TENOFOVIR DISOPROXIL/EMTRICITABINE/DOLUTEGRAVIR	TABLET
TENOFOVIR DISOPROXIL/EMTRICITABINE/RILPIVIRINE	TABLET
TETANUSVACCIN/TETANUSIMMUNOGLOBULINE	INJECTIEVLOEISTOF
TETRACAINE/LIDOCAINE	CREME
TETRACAINE/XYLOMETAZOLINE	NEUSDRUPPELS
TETRACAINE/XYLOMETAZOLINE	NEUSSPRAY
TETRACYCLINE/ZINKOXIDE	PASTA VOOR CUTAAN GEBRUIK
THIOPENTAL/LIDOCAINE	INFUSIEVLOEISTOF
THIOPENTAL/LIDOCAINE	INJECTIEVLOEISTOF
TIJM/ALTHAEA	DRANK
TIMOLOL/BIMATOPROST	OOGDRUPPELS
TIMOLOL/BRIMONIDINE	OOGDRUPPELS
TIMOLOL/BRINZOLAMIDE	OOGDRUPPELS
TIMOLOL/DORZOLAMIDE	OOGDRUPPELS
TIMOLOL/LATANOPROST	OOGDRUPPELS
TIMOLOL/TAFLUPROST	OOGDRUPPELS
TIMOLOL/TRAVOPROST	OOGDRUPPELS
TIOTROPIUM/OLODATEROL	VERNEVELVLOEISTOF
TIXAGEVIMAB/CILGAVIMAB	INJECTIEVLOEISTOF
TOBRAMYCINE/COLISTINE	DRANK
TOBRAMYCINE/COLISTINE	SUSPENSIE VOOR ORAAL GEBRUIK
TOBRAMYCINE/COLISTINE/AMFOTERICINE B	PASTA VOOR OROMUCOSAAL GEBRUIK
TOBRAMYCINE/COLISTINE/AMFOTERICINE B	SUSPENSIE VOOR ORAAL GEBRUIK
TOBRAMYCINE/COLISTINE/AMFOTERICINE B	ZETPIL
TOBRAMYCINE/COLISTINE/NYSTATINE	PASTA VOOR OROMUCOSAAL GEBRUIK
TOBRAMYCINE/COLISTINE/NYSTATINE	SUSPENSIE VOOR ORAAL GEBRUIK
TRAGACANT/GLYCEROL	GEL VOOR RECTAAL GEBRUIK
TRASTUZUMAB/PERTUZUMAB	INJECTIEVLOEISTOF
TRETINOINE/HYDROCHINON	CREME
TRIAMCINOLONACETONIDE/AZELAINEZUUR	CREME
TRIAMCINOLONACETONIDE/CLINDAMYCINE	CREME
TRIAMCINOLONACETONIDE/CLINDAMYCINE	OPLOSSING VOOR CUTAAN GEBRUIK
TRIAMCINOLONACETONIDE/CLINDAMYCINE	ZALF
TRIAMCINOLONACETONIDE/FUSIDINEZUUR	CREME
TRIAMCINOLONACETONIDE/FUSIDINEZUUR	ZALF
TRIAMCINOLONACETONIDE/FUSIDINEZUUR/MICONAZOL	CREME
TRIAMCINOLONACETONIDE/KETOCONAZOL	CREME
TRIAMCINOLONACETONIDE/KETOCONAZOL/CLINDAMYCINE	CREME
TRIAMCINOLONACETONIDE/KOOLTEER PREPARAAT	CREME
TRIAMCINOLONACETONIDE/LEVOMENTHOL	CREME
TRIAMCINOLONACETONIDE/LIDOCAINE	CREME
TRIAMCINOLONACETONIDE/LIDOCAINE	ZALF VOOR RECTAAL GEBRUIK
TRIAMCINOLONACETONIDE/LIDOCAINE	ZETPIL
TRIAMCINOLONACETONIDE/MICONAZOL	CREME
TRIAMCINOLONACETONIDE/SALICYLZUUR	CREME
TRIAMCINOLONACETONIDE/SALICYLZUUR	EMULSIE VOOR CUTAAN GEBRUIK
TRIAMCINOLONACETONIDE/SALICYLZUUR	OORDRUPPELS
TRIAMCINOLONACETONIDE/SALICYLZUUR	OPLOSSING VOOR CUTAAN GEBRUIK
TRIAMCINOLONACETONIDE/SALICYLZUUR	ZALF
TRIAMCINOLONACETONIDE/SALICYLZUUR/KOOLTEER PREPARAAT	ZALF
TRIAMCINOLONACETONIDE/TETRACYCLINE	CREME
TRIAMCINOLONACETONIDE/TETRACYCLINE	ZALF
TRIAMCINOLONACETONIDE/TRETINOINE/HYDROCHINON	CREME
TRIAMCINOLONACETONIDE/UREUM	CREME
TRIAMCINOLONACETONIDE/ZINKOXIDE/KETOCONAZOL	CREME
TRIAMCINOLONACETONIDE/ZINKSULFAAT	CREME VOOR RECTAAL GEBRUIK
TRIAMCINOLONACETONIDE/ZWAVEL	CREME
TRIAMTEREEN/EPITIZIDE	CAPSULE
TRIFLURIDINE/TIPIRACIL	TABLET
TRIMETHOPRIM/SULFAMETHOXAZOL	CONCENTRAAT VOOR OPLOSSING VOOR INFUSIE
TRIMETHOPRIM/SULFAMETHOXAZOL	SUSPENSIE VOOR ORAAL GEBRUIK
TRIMETHOPRIM/SULFAMETHOXAZOL	TABLET
TRIMETHOPRIM/SULFAMETROL	INFUSIEVLOEISTOF
TROMBINE/CALCIUMCHLORIDE	WEEFSELLIJM
TROPICAMIDE/FENYLEFRINE	OOGDRUPPELS
TROPICAMIDE/FENYLEFRINE	OOGINSERT
TROPICAMIDE/FENYLEFRINE/LIDOCAINE	INJECTIEVLOEISTOF
UREUM/LAUROMACROGOL 600	CREME
UREUM/MELKZUUR	CREME
VASELINE/CARBOMEER	CREME
VASELINE/CARBOMEER	EMULSIE VOOR CUTAAN GEBRUIK
VASELINE/EUCERINE/WATER	ZALF
VASELINE/HYPROMELLOSE	PASTA VOOR OROMUCOSAAL GEBRUIK
VASELINE/PARAFFINE	CREME
VASELINE/PARAFFINE	ZALF
VERAPAMIL/TRANDOLAPRIL	CAPSULE MET GEREGULEERDE AFGIFTE
VILANTEROL/UMECLIDINIUM	INHALATIEPOEDER
VOEDINGSALLERGEEN/GRASPOLLENALLERGEEN	SUSPENSIE VOOR INJECTIE
VOEDINGSALLERGEEN/GRASPOLLENALLERGEEN/BLOEMENALLERGEEN	SUSPENSIE VOOR INJECTIE
WAS/ISOPROPYLMYRISTAAT/VASELINE/PARAFFINE	ZALF
WAS/VASELINE	CREME
WAS/VASELINE/DECYLOLEAAT/PARAFFINE	ZALF
WAS/VASELINE/PARAFFINE	ZALF
WOLVET/CETOSTEARYLALCOHOL/ISOPROPYLMYRISTAAT/MAGNESIUMSTEARAAT/VASELINE/PARAFFINE/WATER/ALUMINIUMDISTEARAAT	CREME
WOLVET/CETOSTEARYLALCOHOL/VASELINE/PARAFFINE	OOGZALF
WOLVET/CETOSTEARYLALCOHOL/VASELINE/PARAFFINE	ZALF
WOLVET/VASELINE	ZALF
WOLVET/VASELINE/PARAFFINE	OOGZALF
WOLVET/VASELINE/WATER	ZALF
WOLVET/WAS/VASELINE/GLYCERYLMONO-OLEAAT	CREME
XYLOMETAZOLINE/LIDOCAINE	NEUSSPRAY
XYLOMETAZOLINE/LIDOCAINE	OPLOSSING
ZAAGBLADPALM/POMPOEN	CAPSULE
ZIDOVUDINE/LAMIVUDINE	OMHULDE TABLET
ZIDOVUDINE/LAMIVUDINE/ABACAVIR	TABLET
ZILVERSULFADIAZINE/CERIUM(III)NITRAAT	CREME
ZINKCHLORIDE/ALUMINIUMKALIUMSULFAAT	GORGELDRANK
ZINKOXIDE/CALCIUMHYDROXIDE	PASTA VOOR CUTAAN GEBRUIK
ZINKOXIDE/CALCIUMHYDROXIDE/OLIE, VET/OLIEZUUR/WAS/WATER	PASTA VOOR CUTAAN GEBRUIK
ZINKOXIDE/HOUTTEER	ZALF
ZINKOXIDE/KETOCONAZOL	CREME
ZINKOXIDE/KOOLTEER PREPARAAT	PASTA VOOR CUTAAN GEBRUIK
ZINKOXIDE/KOOLTEER PREPARAAT	ZALF
ZINKOXIDE/KOOLTEER PREPARAAT/ZWAVEL	ZALF
ZINKOXIDE/LEVOMENTHOL	SUSPENSIE VOOR CUTAAN GEBRUIK
ZINKOXIDE/MICONAZOL	PASTA VOOR CUTAAN GEBRUIK
ZINKOXIDE/PRAMOCAINE	CREME
ZINKOXIDE/ZWAVEL	PASTA VOOR CUTAAN GEBRUIK
ZOETHOUT/CHELIDONIUM PREPARAAT/IBERIS AMARA/MARIADISTEL/KAMILLE/PEPERMUNT/MELISSA/ANGELICA PREPARAAT/KARWIJVRUCHT	DRUPPELS VOOR ORAAL GEBRUIK